Date,User,Message
2024.4.6 21:12,나,사진 3장
2024.4.6 21:13,나,안녕하세요 다름 아니라 저번에 이름듣고 놀리고 싶어서 근질근질해서 못 참겠어서 모아놓은 짤 드리고 갈게요.. 삭제하겠습니다 제 앨범에서.. 내적친밀감 인용해서 저도 마찬가지로 쓰고 갑니다.. 그럼 이만..
2024.4.6 21:33,걸,ㅋㅋㅋㅋㅋㅋㅋㅋㅋㅋㅋㅋㅋㅋㅋㅋㅋㅋㅋㅋㅋㅋㅋㅋ ㅋㅋㅋㅋㅋㅋㅋㅋㅋㅋㅋㅋㅋㅋㅋㅋㅋㅋㅋㅋㅋㅋㅋㅋ 아쓐ㅋㅋㅋㅋㅋㅋㅋㅋㅋㅋㅋㅋㅋㅋㅋㅋㅋㅋㅋㅋㅋㅋㅋㅋㅋㅋㅋㅋㅋ
2024.4.6 21:33,걸,진짜 한개한개 모아서 투척하는거 킹밧네요^^
2024.4.6 21:35,걸,"아ㅜㅋㅋㅋㅋㅋㅋㅋㅋㅋㅋㅋㅋㅋㅋㅋㅋㅋㅋㅋㅋㅋㅋ 도란니, 야도란 둘다 제 별명 맞습니다 맞고요^^"
2024.4.6 21:52,나,야도란 투척하고 싶어서 근질거렸어요
2024.4.6 21:53,나,자꾸 도란의검 이런거만 이야기하길래
2024.4.6 21:53,나,카운터 모았어요
2024.4.6 21:58,걸,ㅋㅋㅋㅋㅋㅋㅋㅋㅋㅋㅋㅋㅋㅋㅋㅋㅋㅋㅋㅋㅋㅋㅋㅋㅋㅋㅋㅋㅋㅋㅋㅋㅋㅋㅋㅋ아 웃겨
2024.4.6 21:58,걸,근데 야도란보단 제가 더 귀엽죵
2024.4.6 21:58,걸,이모티콘
2024.4.6 21:59,걸,진짜..성의 점수 100점 드립니다..
2024.4.6 21:59,걸,모으시느라 수고하셨습니다
2024.4.6 22:00,걸,샵검색: #Vevarasana
2024.4.6 22:00,걸,상메 몬말인가했는데 되게 감성적이시네요 ㅋㅋ
2024.4.6 22:05,나,사진
2024.4.6 22:05,나,ㅁㅊ 저 이거 이모티콘 눈에 밟히게 많은데
2024.4.6 22:06,나,야도란이 더..
2024.4.6 22:06,나,사진
2024.4.6 22:20,걸,ㅋㅋㅋㅋㅋㅋㅋㅋㅋㅋㅋㅋㅋㅋㅋㅋㅋ ㅋㅋㅋㅋㅋㅋㅋㅋㅋㅋㅋㅋㅋㅋㅋㅋ ㅋㅋㅋㅋㅋㅋㅋㅋㅋㅋㅋ 오빠랑 좀 닮은거같긴해요
2024.4.6 22:20,걸,진짜 누가봐도 제가 더 귀여운데요;;;;;
2024.4.6 22:20,걸,아잠깐만
2024.4.6 22:21,걸,ㅋㅋㅋ ㅋㅋㅋㅋㅋㅋㅋㅋㅋㅋㅋㅋㅋㅋㅋ ㅋㅋㅋ 아웃겨ㅜㅋㅋㅋㅋㅋㅋㅋㅋㅋㅋㅋㅋㅋㅋ거의 저 이모티콘 작가님이신데요?
2024.4.6 22:34,나,정신차리고 컬렉팅 중단했어요
2024.4.6 22:34,나,그만하세요
2024.4.6 23:48,걸,네..
2024.4.6 23:48,걸,알겠어요..
2024.4.6 23:52,나,님 그냥 이거임 Slowbro
2024.4.6 23:52,나,사진
2024.4.6 23:52,걸,ㅋㅋㅋㅋㅋㅋㅋㅋㅋㅋㅋㅋㅋㅋㅋㅋㅋㅋㅋㅋㅋ 
2024.4.6 23:52,걸,미간 너무 넓자나요¯ࡇ¯
2024.4.6 23:52,나,Slowsis 하세요
2024.4.6 23:53,나,약간 닮았을지도
2024.4.6 23:53,걸,아니ㅜ그리고 야도란 귀여윤 사진 많은데
2024.4.6 23:53,걸,ㅋㅋㅋㅋㅋㅋㅋㅋㅋㅋㅋㅋㅋㅋㅋㅋ
2024.4.6 23:53,걸,샵검색: #야도란
2024.4.6 23:53,걸,아 아니네..
2024.4.6 23:53,나,저것도 미간 넓은데
2024.4.6 23:53,걸,내가 더 귀엽네
2024.4.6 23:53,나,ㅋㅋㅋㅋㅋㅋㅋㅋ
2024.4.6 23:53,나,?
2024.4.6 23:53,나,진짜
2024.4.6 23:53,나,어이없는 사진 개많은데
2024.4.6 23:53,걸,나였르면 걍 한번 인정하고 끝냄
2024.4.6 23:53,나,이거 전해주고 싶어서
2024.4.6 23:53,걸,ㅋㅋㅋㅋㅋㅋㅋㅋㅋㅋㅋㅋㅋㅋㅋㅋㅋㅋㅋㅋ
2024.4.6 23:53,나,얼마나 참았는지
2024.4.6 23:53,걸,ㅋㅋㅋㅋㅋㅋㅋㅋㅋㅋㅋㅋㅋㅋㅋㅋㅋ 아웃겨ㅜ
2024.4.6 23:53,걸,진짜 느껴져요
2024.4.6 23:54,나,사진
2024.4.6 23:54,걸,얼마나 전하고 싶었으면
2024.4.6 23:54,나,예전에 우리 처음봤을때
2024.4.6 23:54,나,도란의검 말하고 나서부터
2024.4.6 23:54,나,컬렉팅 시작함
2024.4.6 23:54,걸,ㅋㅋㅋㅋㅋㅋㅋㅋㅋㅋㅋㅋㅋㅋㅋㅋㅋㅋㅋㅋㅋㅋ
2024.4.6 23:54,걸,아씨ㅜㅋㅋㅋㅋㅋㅋㅋㅋㅋㅋㅋㅋㅋㅋㅋ 
2024.4.6 23:54,걸,오래되셨네요ㅜㅋㅋ
2024.4.6 23:54,나,"""니가 과연 도란의검만 들었을까?"""
2024.4.6 23:54,걸,아웃겨
2024.4.6 23:54,나,이러면서
2024.4.6 23:54,걸,ㅋㅋㅋㅋㅋㅋㅋㅋㅋㅋㅋㅋㅋㅋ부릉부릉 하셨구나..
2024.4.6 23:55,나,네 ㅎ.. 시원하네요
2024.4.6 23:55,나,벨루가 닮은 분은 본인도 너무 닮은거 인정해서 놀릴수가 없구..
2024.4.6 23:55,나,제가 왜 안하냐면
2024.4.6 23:55,나,한번 한거 가지고 계속 우려먹을거 보여서 ㅎ;
2024.4.6 23:56,걸,ㅋㅋㅋㅋㅋㅋㅋㅋㅋㅋㅋㅋㅋㅋㅋㅋㅋㅋㅋㅋㅋㅋㅋㅋ
2024.4.6 23:56,걸,아웃곀ㅋㅋㅋㅋㅋㅋㅋㅋㅋㅋㅋㅋㅋㅋㅋㅋㅜ
2024.4.6 23:56,걸,힝 간파당해버렸다
2024.4.6 23:56,걸,ㅋㅋㅋㅋㅋㅋㅋㅋㅋㅋㅋㅋㅋㅋㅋㅋ
2024.4.6 23:56,걸,"오늘 발뻗고 주무시겠어요^^,,"
2024.4.6 23:57,나,네 ㅎ
2024.4.6 23:57,나,어차피 말 나온김에
2024.4.6 23:57,나,좀 레전드인거 보여드릴까요
2024.4.6 23:57,나,사진
2024.4.6 23:58,걸,우웅 ?
2024.4.6 23:58,걸,저게 몽에요?
2024.4.6 23:58,나,우주인을 맞이하자고
2024.4.6 23:58,걸,어떤게 레전드인건지..
2024.4.6 23:58,나,지구대사관 설립하제요
2024.4.6 23:58,걸,아?
2024.4.6 23:58,걸,ㅋㅋㅋㅋㅋㅋㅋㅋㅋㅋㅋㅋㅋㅋㅋ ㅋㅋㅋㅋㅋㅋㅋㅋㅋㅋㅋㅋㅋㅋㅋㅋㅋ 
2024.4.6 23:58,나,미국에나 있던게 드디어 우리나라에도
2024.4.6 23:59,걸,"진짜..다양한 사람들이 있네요..^^,,"
2024.4.6 23:59,나,확대해야보임 ETEmbassy
2024.4.6 23:59,걸,ㅋㅋㅋㅋㅋㅋㅋㅋㅋㅋㅋㅋㅋㅋㅋ ㅋㅋㅋㅋㅋㅋㅋㅋㅋㅋㅋㅋㅋㅋㅋㅋㅋ ㅋㅋㅋ 
2024.4.6 23:59,걸,ET ㅋㅋㅋㅋㅋㅋㅋㅋㅋㅋㅋㅋㅋㅋㅋㅋ ㅜㅋㅋㅋㅋㅋㅋㅋㅋㅋㅋㅋㅋㅋㅋㅋ
2024.4.6 23:59,나,ㅋㅋ...
2024.4.6 23:59,나,사진
2024.4.7 0:00,나,어차피 말나온김에 TMI 하나 더 말해도 되요?
2024.4.7 0:00,걸,오늘 다 말하세요^^
2024.4.7 0:00,걸,ㅋㅋㅋㅋㅋㅋㅋㅋㅋㅋㅋㅋㅋㅋㅋㅋㅋㅋ 
2024.4.7 0:00,나,ㅋㅋㅋㅋㅋㅋㅋㅋㅋㅋㅋㅋㅋㅋㅋㅋㅋㅋㅋㅋ
2024.4.7 0:00,나,들켰다
2024.4.7 0:00,나,약간 절대 아니 괴롭히고 싶었던건 아니구요
2024.4.7 0:00,걸,아웃겨..참느라 고생했겠다
2024.4.7 0:00,걸,네네
2024.4.7 0:00,걸,몽데용
2024.4.7 0:00,나,사실 이 사진
2024.4.7 0:01,나,많은 의미를 내포하고 있습니다
2024.4.7 0:01,걸,몬데요???
2024.4.7 0:02,나,제가 피부과를 요근래 좀 바짝 찾았는데
2024.4.7 0:02,나,피부과에서 레이저로 제모 조지고 나오는길에 만난게 저 지구대사관 설립추진자들이에요
2024.4.7 0:02,나,그래서 바로 이 이미지;
2024.4.7 0:02,걸,ㅋㅋㅋㅋㅋㅋㅋㅋㅋㅋㅋㅋㅋㅋㅋㅋㅋㅋㅋㅋㅋㅋㅋㅋㅋㅋㅋㅋㅋㅋㅋㅋㅋㅋㅋㅋㅋㅋㅋㅋㅋㅋㅋㅋㅋㅋ
2024.4.7 0:02,나,차마 전할 수 없어서 그냥
2024.4.7 0:02,나,오늘 놀리고 싶은거 전하는김에 같이
2024.4.7 0:03,걸,ㅋㅋㅋㅋㅋㅋㅋㅋㅋㅋㅋㅋㅋㅋㅋㅋㅋㅋㅋㅋㅋㅋㅋㅋㅋㅋㅋㅋ그사람들한테 못전해서
2024.4.7 0:03,걸,저한테 한을 푸시는거죠?
2024.4.7 0:03,걸,ㅋㅋㅋㅋㅋㅋㅋㅋㅋㅋㅋㅋㅋㅋㅋㅋㅋㅋ ㅋㅋㅋㅋㅋㅋㅋㅋㅋㅋㅋㅋㅋㅋㅋ 
2024.4.7 0:03,나,네 배설하는거죠 쉽게 말해서
2024.4.7 0:03,나,겸사겸사
2024.4.7 0:03,걸,아웃곀ㅋㅋㅋ ㅋㅋㅋ ㅋㅋㅋㅋㅋㅋㅋㅋㅋㅋㅋㅋㅋㅋㅋㅋㅋ
2024.4.7 0:03,나,이제 앨범에서 다 삭제해야지
2024.4.7 0:03,나,어디 써먹긴 해야하잖아요
2024.4.7 0:03,걸,아뿌듯해요 제가 그런 역할을 한게
2024.4.7 0:03,나,혹시 영어이름..
2024.4.7 0:03,걸,안녕하세요 저는 전변기입니다
2024.4.7 0:03,걸,언제든 찾아주세요
2024.4.7 0:03,나,앜
2024.4.7 0:03,나,전 나름
2024.4.7 0:03,나,비데라고 해드리려고 했는데..
2024.4.7 0:04,걸,ㅋㅋㅋㅋㅋㅋㅋㅋㅋㅋㅋㅋㅋㅋㅋㅋㅋㅋㅋㅋ ㅋㅋㅋㅋㅋㅋㅋㅋㅋㅋㅋㅋㅋㅋㅋㅋㅋ
2024.4.7 0:04,걸,Hi my name is Bidet Jeon
2024.4.7 0:04,나,이름도 아름다워 bidet
2024.4.7 0:04,걸,참놬ㅋㅋㅋㅋㅋㅋㅋㅋㅋㅋㅋㅋㅋ
2024.4.7 0:04,나,그거 알죠 비데
2024.4.7 0:04,걸,모요
2024.4.7 0:04,나,사실 없이 살면 귀한지 모르는데
2024.4.7 0:04,나,있다 없으면 개 귀한거
2024.4.7 0:04,걸,아 진짜 인정
2024.4.7 0:04,나,그런 존재라는 의미에요
2024.4.7 0:04,걸,근데 공용 비데도 써요?
2024.4.7 0:05,걸,전 그건 못써요
2024.4.7 0:05,나,전 일단 비데 사용여부는
2024.4.7 0:05,걸,울집 비데밖에 안써요
2024.4.7 0:05,나,화장실 입장하자마자
2024.4.7 0:05,나,쾌적함을 보고 판단합니다
2024.4.7 0:05,나,화장실이 그 건물 관리의 결정체기 때문에
2024.4.7 0:05,걸,ㅋㅋㅋㅋㅋㅋㅋㅋㅋㅋㅋㅋㅋㅋㅋㅋㅋㅋㅋㅋ 헐그럼 쾌적한 공용화장실이면 써요??
2024.4.7 0:05,나,네
2024.4.7 0:05,걸,으..
2024.4.7 0:05,나,죄송한데
2024.4.7 0:05,걸,이모티콘
2024.4.7 0:05,나,님 일처리하고 비데 안한게 더 더러움
2024.4.7 0:05,걸,ㅋㅋㅋㅋㅋㅋㅋㅋㅋㅋㅋㅋㅋㅋㅋㅋㅋㅋㅋㅋ ㅋㅋㅋㅋㅋㅋㅋㅋㅋㅋㅋㅋㅋㅋㅋㅋ ㅋㅋㅋㅋㅋㅋㅋㅋㅋㅋㅋㅋㅋㅋㅋ 
2024.4.7 0:05,걸,아니ㅜ갑자기
2024.4.7 0:05,나,아니 왜 자꾸 더러운 얘기
2024.4.7 0:05,걸,왜 이런 이야기인데요ㅜ
2024.4.7 0:05,나,나오는지 모르겠는데
2024.4.7 0:05,걸,ㅋㅋㅋㅋㅋㅋㅋㅋㅋㅋㅋㅋㅋㅋㅋ ㅋㅋㅋㅋㅋㅋㅋㅋㅋㅋㅋㅋㅋㅋㅋ 
2024.4.7 0:05,걸,아개웃겨ㅜㅜ
2024.4.7 0:06,나,덕분에 좀 쌓여있던거
2024.4.7 0:06,나,다 배설 아니 분출했습니다
2024.4.7 0:06,나,이참에 폰 앨범도 다 백업할까봐요
2024.4.7 0:06,걸,ㅋㅋㅋㅋㅋㅋㅋㅋㅋㅋㅋㅋㅋㅋㅋㅋ ㅋㅋㅋㅋㅋㅋㅋㅋㅋㅋㅋㅋㅋㅋㅋㅋ
2024.4.7 0:06,걸,엥???
2024.4.7 0:06,걸,왜 백업을 해요
2024.4.7 0:07,나,저 구글 포토가 용량 무제한이라
2024.4.7 0:07,나,ㄱ냥 폰으로 초고화질로 찍고 다 백업때려요
2024.4.7 0:07,걸,아아
2024.4.7 0:07,나,512기가라서..
2024.4.7 0:07,걸,되게 정리정돈 잘하시네
2024.4.7 0:07,걸,어머
2024.4.7 0:07,걸,부자시당..
2024.4.7 0:07,나,ㄴㄴ 꿀팁알려드릴까요
2024.4.7 0:07,걸,모요???
2024.4.7 0:07,나,학생증있으면 학교앞 폰가게에서 할인해줌 ㅎ
2024.4.7 0:08,걸,엥 ?
2024.4.7 0:08,나,지금 쓰는거 아이폰15프로맥스
2024.4.7 0:08,걸,진짜요???????
2024.4.7 0:08,나,할부원금 137인가 ㅎ
2024.4.7 0:08,걸,헐몽미???
2024.4.7 0:08,나,ㅎㅎㅋㅎㅋㅋㅎㅋㅎㅋ
2024.4.7 0:08,나,아이폰 14프로 쓰시는거 같은데
2024.4.7 0:08,걸,와씨 저 아이폰14프로 140에 삿는데
2024.4.7 0:08,걸,와개억울
2024.4.7 0:08,걸,이모티콘
2024.4.7 0:08,나,256기가인가요?
2024.4.7 0:08,나,억울할거없죠
2024.4.7 0:08,나,그땐 몰랐으니
2024.4.7 0:09,나,최근 1달안에 폰 샀으면 인정드립니다
2024.4.7 0:09,걸,256마자용!!!!
2024.4.7 0:09,걸,확인하고 왓네
2024.4.7 0:10,나,ㅋ... 512 최신폰이 더 싸네
2024.4.7 0:10,나,수고하시고~
2024.4.7 0:10,걸,선생님^^
2024.4.7 0:10,걸,놀리기 달인이시네요^^
2024.4.7 0:10,나,아 오늘 뭔가
2024.4.7 0:10,나,모아놓은거 보내드려서 좀 약간
2024.4.7 0:10,나,진심 뿌듯하네요;
2024.4.7 0:11,걸,ㅋㅋㅋㅋㅋㅋㅋㅋㅋㅋㅋㅋㅋㅋㅋㅋㅋㅋㅋㅋㅋㅋㅋ ㅋㅋㅋㅋㅋㅋㅋㅋㅋㅋㅋㅋㅋㅋㅋ ㅋㅋㅋㅋㅋㅋㅋㅋㅋㅋㅋㅋㅋㅋㅋㅋㅋ 
2024.4.7 0:11,걸,아진심으로 쀼듯해하셔서
2024.4.7 0:11,걸,머라할수도없고
2024.4.7 0:11,나,기념으로 내일 점심 꽃등심 먹어야겠다
2024.4.7 0:11,걸,그래도 넘 다행이에용
2024.4.7 0:11,걸,그럼 저는 들어줬으니까
2024.4.7 0:11,걸,살치살도 사줘요
2024.4.7 0:11,나,살치살도 살걸
2024.4.7 0:11,나,아 고민했는데
2024.4.7 0:11,나,그걸 간파하네
2024.4.7 0:11,걸,감사합니당 ㅜㅜㅜ
2024.4.7 0:11,나,바로 꽃등심 옆에
2024.4.7 0:11,나,살치살 1팩 남았었는데
2024.4.7 0:11,걸,아진짜요??ㅜㅠㅜ
2024.4.7 0:11,걸,감사합니당 ㅜㅜㅜ
2024.4.7 0:11,걸,이모티콘
2024.4.7 0:12,나,늘 감사한 삶을 사시네요
2024.4.7 0:12,나,그러세요~
2024.4.7 0:12,걸,ㅋㅋㅋㅋㅋㅋㅋㅋㅋㅋㅋㅋㅋㅋㅋㅋㅋㅋ ㅋㅋㅋㅋㅋㅋㅋㅋㅋㅋㅋㅋㅋㅋㅋ
2024.4.7 0:12,걸,아니 근데 진짜
2024.4.7 0:12,걸,들어줬자나요
2024.4.7 0:12,나,뭘요
2024.4.7 0:12,걸,분출하셨으면
2024.4.7 0:12,나,아니 어차피 들었어야할 파트였을뿐
2024.4.7 0:12,걸,고기정돈 사줘야죠
2024.4.7 0:12,나,모로 가도 서울로만 가면 된다고
2024.4.7 0:12,걸,아니죠 제가 말하지마세요.했으면
2024.4.7 0:12,나,어차피 돌고돌아
2024.4.7 0:12,나,님한테 들어갈거였음
2024.4.7 0:12,걸,분출 못하셨죠
2024.4.7 0:12,나,그럼 더 쟁여놔야죠
2024.4.7 0:12,걸,선생님 마음의 그릇이 너무 작아요
2024.4.7 0:13,걸,지금 종지그릇도 안되셔요
2024.4.7 0:13,나,저 진짜 대인배인데
2024.4.7 0:13,나,대인배도 누울 자리보고 다리 뻗습니다
2024.4.7 0:13,걸,ㅋㅋㅋㅋㅋㅋㅋㅋㅋㅋㅋㅋㅋㅋㅋㅋㅋㅋㅋㅋㅋㅋ 
2024.4.7 0:13,나,제가 ESTP인데
2024.4.7 0:13,걸,힝..
2024.4.7 0:13,나,학교나 회사생활에서 P말고 J의 삶을 살기 위해 노력하는 노력형 J거든요
2024.4.7 0:13,걸,ㅋㅋㅋㅋㅋㅋㅋㅋㅋㅋㅋㅋㅋㅋㅋㅋㅋㅋㅋㅋㅋ
2024.4.7 0:14,나,일단
2024.4.7 0:14,나,소매넣기 하나 더 해드릴게요
2024.4.7 0:14,걸,그러시구나..그렇게 노력하셔서 교수님이 좋아하시나봐용
2024.4.7 0:14,걸,소매넣기?
2024.4.7 0:14,나,유튜브에
2024.4.7 0:14,나,ㅗㅗ
2024.4.7 0:14,나,ㅗ
2024.4.7 0:14,나,ㅗ
2024.4.7 0:14,나,ㅗ
2024.4.7 0:14,걸,..
2024.4.7 0:14,걸,힝..
2024.4.7 0:14,나,교수님..
2024.4.7 0:14,나,아주 역린을
2024.4.7 0:15,나,아 암튼
2024.4.7 0:15,나,유튜브에 예삐♡보름
2024.4.7 0:15,나,이거 추천드립니다
2024.4.7 0:15,걸,으엥 ㅜ
2024.4.7 0:15,걸,아귀여워
2024.4.7 0:16,걸,저 보러갈게요
2024.4.7 0:16,걸,빠이요
2024.4.7 0:16,나,네 수고하세요 잘 보세요 참고로 전 예삐는 별로 안 좋아하고 보름이를 좋아합니다
2024.4.7 0:16,나,진심 구독자 세자리 미만부터 끌올했다
2024.4.7 0:18,걸,ㅋㅋㅋㅋㅋㅋㅋㅋㅋㅋㅋㅋㅋㅋㅋㅋㅋㅋㅋㅋㅋㅋㅋ
2024.4.7 0:18,걸,이렇게 홍보하고 다니셧군요
2024.4.7 0:18,나,아 저랑 금전적인 거래관계 전혀 없는 채널입니다
2024.4.7 0:19,나,코숏도 이렇게 귀여울 수 있다의 정석인 채널이라
2024.4.8 19:50,걸,진짜 교수님 말 왤케 많으신지..?^^
2024.4.8 19:50,걸,저희 언제 끝나는 건 지..^^
2024.4.8 19:51,나,지금 신수연이랑 뒤에서 보면
2024.4.8 19:51,나,판박이시거든요
2024.4.8 19:51,나,교수님께 고발합니다
2024.4.8 19:51,걸,이모티콘
2024.4.8 19:51,걸,언제 끝나냐고요오오오오
2024.4.8 19:51,나,잠만 기다려주실?
2024.4.8 19:51,나,지금 각도로 사진찍어야해
2024.4.8 19:51,걸,뭘요?
2024.4.8 19:51,걸,아놔
2024.4.8 19:52,걸,시러여
2024.4.8 19:52,나,사진
2024.4.8 19:53,걸,아
2024.4.8 19:53,걸,ㅋㅋㅋㅋㅋㅋㅋㅋㅋㅋㅋㅋㅋㅋㅋ ㅋㅋㅋㅋㅋㅋㅋㅋㅋㅋㅋㅋㅋㅋㅋㅋㅋ ㅋㅋㅋㅋㅋㅋㅋㅋㅋㅋㅋㅋㅋㅋㅋㅋㅋ 
2024.4.8 19:54,걸,아개웃겨ㅜ
2024.4.8 19:54,걸,ㅋㅋㅋㅋㅋㅋㅋㅋㅋㅋㅋㅋㅋㅋㅋㅋㅋㅋㅋㅋㅋㅋㅋ 
2024.4.8 19:55,나,혹시 인성에
2024.4.8 20:06,걸,아웃기다..
2024.4.8 20:06,걸,ㅋㅋㅋㅋㅋㅋㅋㅋㅋㅋㅋㅋㅋㅋㅋㅋ
2024.4.8 20:06,걸,아니 다시 인사하러 강의실 갓는데
2024.4.8 20:06,걸,안계시네욥..ㅜ
2024.4.8 20:07,나,이삭토스트옴요
2024.4.8 20:07,나,배고파서
2024.4.8 20:08,걸,뒤에 쉅 없으세요??
2024.4.8 20:10,나,있죠
2024.4.8 20:10,나,근데 가기 시러서
2024.4.8 20:10,걸,ㅋㅋㅋㅋㅋㅋㅋㅋㅋㅋㅋㅋㅋㅋㅋㅋㅋㅋㅋㅋㅋㅋㅋ
2024.4.8 20:10,걸,맛있게 드세용..
2024.4.8 20:12,나,수업없어요?
2024.4.8 20:12,걸,잇어용 ㅠㅜ
2024.4.8 20:25,나,그럼 열심히 들으세요 ㅡㅡ
2024.4.8 20:25,걸,넹..
2024.4.8 20:58,나,무슨 수업이에요
2024.4.8 20:58,나,저희 끝나고 맥날에서 감튀먹을건데
2024.4.8 20:58,나,조인하세요
2024.4.8 21:03,걸,ㅋㅋㅋㅋㅋㅋㅋㅋㅋㅋㅋㅋㅋㅋㅋㅋㅋㅋㅋㅋㅋ 아놔ㅜ
2024.4.8 21:03,걸,영상처리요..
2024.4.8 21:03,걸,저희가 누구세요
2024.4.8 21:05,걸,민영언니랑 같이 듣네용 쿄쿄
2024.4.8 21:06,나,엌? 김미녕?
2024.4.8 21:06,나,누구겠어요
2024.4.8 21:06,나,우리과 72기 2명이죠
2024.4.8 21:13,걸,ㅋㅋㅋㅋㅋㅋㅋㅋㅋㅋㅋㅋㅋㅋㅋㅋㅋ
2024.4.8 21:13,걸,배고프진 않지만 얼굴 비추러 가보겠읍니다
2024.4.8 21:13,걸,끝나고 ㅇ느ㅕㄴㄹ락드릴게욥
2024.4.8 21:16,나,오키요
2024.4.8 21:53,걸,보이스톡
2024.4.8 21:53,걸,취소
2024.4.8 21:53,나,깜짝이야
2024.4.8 21:53,걸,보이스톡
2024.4.8 21:53,걸,취소
2024.4.8 21:53,나,그만걸어
2024.4.8 21:53,나,지금 마무리하는중임
2024.4.8 21:53,걸,이 오키
2024.4.8 21:53,걸,아
2024.4.8 21:53,나,ㄱㄷ
2024.4.8 21:53,나,전화함요
2024.4.8 21:53,걸,끝나고 연락 주세요
2024.4.13 12:52,걸,오빠ㅜㅜ저 못갈거같아요ㅜㅜ아쉽지만..담에 보시지요
2024.4.13 12:54,나,네네
2024.4.26 14:35,걸,오빠 잘지내구계신가욥..! 못본지 넘 오래된거같네요 ㅜ
2024.4.26 14:36,걸,저 한가지 물어볼게 있는데 혹시 중간과제 분량이 어느정도 되어야하는지 아시나요??
2024.4.26 14:36,걸,온란에서는 아예 공유가 안되었어가지구ㅠㅜ
2024.4.26 14:36,걸,그리구 언제까지 내야하는거에욥?ㅜㅠㅜ
2024.4.26 14:40,나,세미나 안 들으시나요?
2024.4.26 14:40,나,제출은 토요일 21시까지인데
2024.4.26 14:40,나,분량은 자유아닌가요
2024.4.26 14:40,나,MZ라서 제약조건이 없으면 미쳐날뜀?
2024.4.26 14:41,나,설마 아직도 시작도 안한?
2024.4.26 14:42,걸,내일 21시요..??
2024.4.26 14:42,나,...?
2024.4.26 14:42,걸,진짜 처음듣는 소리..
2024.4.26 14:42,나,스마트공장개론 말씀하시는거죠
2024.4.26 14:42,나,제가 교수님께 이메일 여쭤본거
2024.4.26 14:42,나,SPC
2024.4.26 14:42,걸,네맞아요
2024.4.26 14:43,나,전 그거 슬라이드로 표지포함 18장 했어요
2024.4.26 14:43,나,걸씨 오늘 혹시 학교 오시나요
2024.4.26 14:45,걸,아니근데 오빠 진짜 내일 9시까지에요?
2024.4.26 14:45,걸,안가요ㅠㅜㅠㅜㅠㅜㅠㅜ
2024.4.26 14:45,걸,그 단톡 안그래도 봤는데
2024.4.26 14:45,걸,바로 대환오빠한테 끌려나가기
2024.4.26 14:45,걸,ㅋㅋㅋㅋㅋㅋㅋㅋㅋㅋㅋㅋㅋㅋㅋㅋㅋㅋㅋㅋㅋㅋㅋㅋ
2024.4.26 14:46,걸,아진짜 오빠 왤케 웃김 ㅜ
2024.4.26 14:46,나,개열받아;
2024.4.26 14:46,걸,또왜요ㅠㅠ
2024.4.26 14:46,나,오직 술처마시기위해 존재하는 카톡방이라는걸 새삼 깨달음
2024.4.26 14:46,나,ㅠ
2024.4.26 14:46,걸,ㅋㅋㅋㅋㅋㅋㅋㅋㅋㅋㅋㅋㅋㅋㅋㅋㅋㅋㅋㅋㅋㅋㅋㅋㅋㅋㅋㅋ ㅜㅜㅠㅜ
2024.4.26 14:46,나,술이 뭔지
2024.4.26 14:46,걸,인정
2024.4.26 14:46,걸,오빠 근데 얼굴 까먹겠어요ㅠ
2024.4.26 14:46,걸,담주 월욜 학교 오죠?
2024.4.26 14:46,나,오늘 학교 좀 와요
2024.4.26 14:46,걸,ㅋㅋㅋㅋㅋㅋㅋ아놔ㅜ
2024.4.26 14:46,나,자꾸 나보고 사람 좀 섭외하라는데 하...
2024.4.26 14:46,걸,왜 뭔일이에요?
2024.4.26 14:47,나,아니 원래는 저도 안 갈라했는데
2024.4.26 14:47,나,신수연이 요게 멀리 가면서 어쩌다보니 내가 학교 가야하게 생겼는디
2024.4.26 14:47,나,그 스터디룸 렌탈할라는데 원기옥 모으듯이 시간내에 딱딱해야 문이 열리거든요
2024.4.26 14:47,나,근데 인원이 많을수록 좋은데를 할 수 있음 ㅎ
2024.4.26 14:47,나,아마 담주 월화 해꾜갔다가
2024.4.26 14:48,나,수나 목요일에 순천갈듯
2024.4.26 14:50,걸,오빠 혹시 무례한 질문 하나 해도 되나요?
2024.4.26 14:50,나,네... 뭐 언젠 안했나요
2024.4.26 14:50,걸,힝 ㅜ
2024.4.26 14:50,걸,수연언니랑 사귀시나요?
2024.4.26 14:51,나,아뇨..
2024.4.26 14:51,나,그렇게 보여..?
2024.4.26 15:04,걸,..약간..?
2024.4.26 15:05,나,ㄴㄴ.. 동기가 걔 뿐이라..
2024.4.26 15:05,나,우리 기수에 같은과 걔 하나
2024.4.26 15:06,나,산디과에 김난아 1명이라
2024.4.26 15:06,나,그렇게 친한거임..
2024.4.26 15:06,걸,아하
2024.4.26 15:06,나,72기 인원이 별로 없어서..
2024.4.26 15:06,걸,아하아하
2024.4.26 15:06,나,전전컴 건사환만 바글바글하고
2024.4.26 15:06,걸,오빠 근데 왜와요
2024.4.26 15:06,걸,오면 광주도 들려용 ><
2024.4.26 15:06,나,.. 엄마볼라고
2024.4.26 15:07,나,그때 인천에 안 있고 또 광주에 있음?
2024.4.26 15:07,나,홍길동이네 아주
2024.4.26 15:07,나,순천 놀러오셈 맛있는거 사드림
2024.4.26 15:07,걸,수욜이나 목욜이면
2024.4.26 15:07,걸,광주죠!!
2024.4.26 15:07,걸,오빤 차있자나요..
2024.4.26 15:07,나,그걸 내가 어케앎
2024.4.26 15:07,걸,전없다구요..
2024.4.26 15:07,나,울집에서 나만 차 없눈뎅 ㅠ
2024.4.26 15:07,나,그 돈으로 서울 집에 다 꼬라박았찌..
2024.4.26 15:08,나,암튼 오늘 역대급 정신이 확 드네
2024.4.26 15:09,나,신수연하고 친하게 지내니까 샘났구나?
2024.4.26 15:09,나,으유
2024.4.26 15:11,걸,ㅋㅋㅋㅋㅋㅋ전 내일 순천가능데 ㅎㅎ
2024.4.26 15:11,걸,힝 ㅜ들켯다
2024.4.26 15:12,나,오 순천왜감?
2024.4.26 15:12,나,와이
2024.4.26 15:12,걸,결혼식가요
2024.4.26 15:12,나,어?
2024.4.26 15:12,나,뭐지 내 친구도 내일 사촌누나 결혼식 간다는데
2024.4.26 15:12,걸,근데 오빠 내일까지 아니자나요ㅡㅡ과제
2024.4.26 15:12,나,왜인지 모르겠는데
2024.4.26 15:12,걸,엥진짜요?
2024.4.26 15:12,걸,헐설마
2024.4.26 15:12,걸,몇시결혼식이래요
2024.4.26 15:12,나,겹치는거 아닌가
2024.4.26 15:12,나,이름이..?
2024.4.26 15:13,나,잠만
2024.4.26 15:13,걸,저는 남자측..
2024.4.26 15:13,나,잠만 
2024.4.26 15:13,나,지금 물어봄 방금;
2024.4.26 15:13,나,순천 결혼식장 몇개 없어서
2024.4.26 15:13,나,동일인일 가능성
2024.4.26 15:13,걸,그니까
2024.4.26 15:13,나,농후한데;
2024.4.26 15:13,걸,대박
2024.4.26 15:13,나,세상 개좁네
2024.4.26 15:13,걸,와씨..
2024.4.26 15:13,나,걸씨한테 못되게 굴면 안되겠네;
2024.4.26 15:13,걸,대박신기방귀
2024.4.26 15:14,걸,그니까 오빠 좀 잘해요
2024.4.26 15:14,걸,따뜻하게 대해주고
2024.4.26 15:14,나,?
2024.4.26 15:14,나,이정도면 매우 따뜻
2024.4.26 15:14,걸,이모티콘
2024.4.26 15:14,걸,후우움
2024.4.26 15:14,나,따뜻함의 온도 차이일뿐
2024.4.26 15:14,나,암튼 잠만 개신기하네
2024.4.26 15:14,나,결혼식 정보 캐내서 가져오겠음
2024.4.26 15:14,나,아니 근데 ㅈㄴ 어이없네
2024.4.26 15:15,나,순천 놀러오라고 하니까 그건 싫다면서
2024.4.26 15:15,걸,ㅋㅋㅋㅋㅋㅋㅋㅋㅋㅋㅋㅋㅋㅋㅋㅋㅋㅋㅋㅋ
2024.4.26 15:15,나,ㅋㅋㅋㅋㅋㅋㅋㅋㅋㅋ 결혼식은 잘만 가네?
2024.4.26 15:15,나,어이없네
2024.4.26 15:15,나,그냥 오지마셈
2024.4.26 15:15,걸,왜냐면 이건 누가 태워준대요
2024.4.26 15:15,나,안와도 순천에서 잼께 놀다올거
2024.4.26 15:15,나,글고 차피 광주 잘 몰라서 무서워서 못 감
2024.4.26 15:15,걸,ㅋㅋㅋㅋㅋㅋㅋㅋㅋㅋㅋㅋㅋㅋㅋㅋㅋㅋㅋㅋㅋ
2024.4.26 15:15,걸,근데 웃긴건 오빠 광주와도 저도 어디 데려가야할지 몰라서
2024.4.26 15:15,나,ㅎ 근데 사실 순천도 마찬가지임 
2024.4.26 15:15,나,유일하게 아는 국밥집 있는데
2024.4.26 15:15,걸,ㅋㅋㅋㅋㅋㅋㅋㅋㅋㅋㅋㅋㅋㅋㅋㅋㅋ아웃겨
2024.4.26 15:16,걸,;;
2024.4.26 15:16,나,거기 갔다가 바로 버스터미널 던지기 가능 ㅎ
2024.4.26 15:16,걸,ㅋㅋㅋㅋㅋㅋㅋㅋㅋㅋㅋㅋㅋㅋㅋㅋㅋㅋ 
2024.4.26 15:16,나,아 긍데 진짜 결혼식 같은거면
2024.4.26 15:16,나,앞으로 조심하겠습니다
2024.4.26 15:16,걸,ㅋㅋㅋㅋㅋㅋㅋㅋㅋㅋㅋㅋㅋㅋㅋㅋㅋㅋㅋㅋㅋ
2024.4.26 15:16,나,안 그래도 그 내 칭구가 마당발이라 광주에도 아는 사람 많아서
2024.4.26 15:16,걸,헐진짜요??
2024.4.26 15:16,나,ㄹㅇ 쌉마당발임
2024.4.26 15:16,걸,괜찮아요 제가아는사람이 없어요
2024.4.26 15:17,나,ㅎ 근데 사실 순천 나도 마찬가지
2024.4.26 15:17,나,서울에 아는 사람이 더 많음
2024.4.26 15:17,걸,저도욬ㅋㅋㅋㅋㅋㅋㅋㅋㅋㅋㅋㅋㅋㅋ
2024.4.26 15:17,나,안 산지 너무 오래 되서
2024.4.26 15:17,걸,오빠그럼 고향이 순천이에요???
2024.4.26 15:17,걸,대박~~~~~~~
2024.4.26 15:17,나,아니 이거 몇번을 말했는지 모르겠는데
2024.4.26 15:17,걸,전라도 사람이었네~~~~
2024.4.26 15:17,나,"출생지: 성북구
출신지: 순천"
2024.4.26 15:17,나,몇번을 말해
2024.4.26 15:18,나,순천가서 순천 사람이라고 말도 못해
2024.4.26 15:18,나,안 산지 너무 오래 되서
2024.4.26 15:18,걸,아하
2024.4.26 15:18,걸,그래도 전라도 피가 흐른다는것만으로도
2024.4.26 15:18,나,이젠 늙어서 안 산 기간이 더 길어짐
2024.4.26 15:18,걸,정이 가네요
2024.4.26 15:18,나,그래서 저번에 기아 타이거즈
2024.4.26 15:18,나,이야기 한게 울 아빠
2024.4.26 15:18,나,그 얘기가 그케 된거임
2024.4.26 15:20,걸,아아아아아아아아아
2024.4.26 15:20,걸,아대박
2024.4.26 15:20,걸,아아아아아아아
2024.4.26 15:20,걸,대박 이해됨
2024.4.26 15:20,나,약간
2024.4.26 15:20,나,귀담아 듣지 않는 스타일이시군요
2024.4.26 15:21,걸,진짜 죄송한데ㅜㅜ저 술마시면 기억력이 없어져요..
2024.4.26 15:21,나,근데 안 본지 오래 됐다구요 우리?
2024.4.26 15:21,나,저저번주에 본거 아닌가
2024.4.26 15:21,나,시간개념이 없네
2024.4.26 15:21,걸,오래된거죠..
2024.4.26 15:21,나,아 예..;
2024.4.26 15:21,나,얼굴 솔직히 좀 까먹었어도 ㄱㅊ습니다
2024.4.26 15:21,나,아 그럼 나 머리도 좀 간지나게 했는데
2024.4.26 15:21,나,못 봤겠네
2024.4.26 15:22,나,아쉬울만하네
2024.4.26 15:22,걸,ㅋㅋ
2024.4.26 15:22,걸,어이없을 무
2024.4.26 15:22,나,흐뭇할 뭇
2024.4.26 15:22,나,걸씨
2024.4.26 15:23,나,할거 없으면 오늘 저녁에 그냥 학교 좀 오세요
2024.4.26 15:23,걸,ㅋㅋㅋㅋㅋㅋㅋㅋㅋㅋㅋㅋㅋㅋㅋㅋㅋㅋㅋㅋㅋㅋㅋㅋㅋㅋㅋㅋㅋㅋㅋㅋㅋㅋ 
2024.4.26 15:23,걸,아개욱겨ㅜ
2024.4.26 15:23,나,그럼 안 본지 오래 됐다도 해소 되고
2024.4.26 15:23,나,여러가지 해소가 되니까
2024.4.26 15:24,걸,솔직히 오늘 인천가는 날이면 갔는데
2024.4.26 15:24,걸,낼 결혼식땜에 광주에 있어야해서
2024.4.26 15:24,걸,ㅜㅠㅜ
2024.4.26 15:25,나,남의 잔치
2024.4.26 15:25,나,열나게 참석할 필욘 없죠
2024.4.26 15:26,걸,ㅋㅋㅋㅋㅋㅋㅋㅋㅋㅋㅋㅋㅋㅋㅋㅋㅋㅋㅋㅋ 아놔ㅜ
2024.4.26 15:26,걸,T발롬이신가요
2024.4.26 15:27,나,조용하세요
2024.4.26 15:27,나,만약에 그럼 이럽시다
2024.4.26 15:27,나,칭구한테 물어본 결혼식이 동일인물이면
2024.4.26 15:27,나,걸 학교 가자
2024.4.26 15:29,걸,ㅋㅋㅋㅋㅋㅋㅋㅋㅋㅋㅋㅋㅋㅋㅋㅋㅋ 아니그러면 결혼식가야지
2024.4.26 15:29,걸,오빠친구한테 인사라하러
2024.4.26 15:29,나,걔한테 인사 안해도됨
2024.4.26 15:29,걸,호박씨 좀 까야져
2024.4.26 15:29,나,저한테
2024.4.26 15:29,나,뭔가 원한 쌓이셨나요?
2024.4.26 15:29,걸,ㅋㅋㅋㅋㅋㅋㅋㅋㅋㅋㅋㅋㅋㅋㅋㅋㅋㅋㅋㅋㅋ
2024.4.26 15:29,나,우리 이제 안지 
2024.4.26 15:29,나,1개월 좀 넘은거 같은데
2024.4.26 15:29,걸,아녀 ㅜ 빨리 또 놀고싶은데요
2024.4.26 15:30,나,그럴만한것도 없는디;
2024.4.26 15:30,걸,빨리 또 모이자고요
2024.4.26 15:30,나,뭘 모여요
2024.4.26 15:30,나,누가 모여요
2024.4.26 15:30,걸,놀아요놀아요놀아요놀아요놀아요놀아요놀아요놀아요놀아요놀아요놀아요놀아요
2024.4.26 15:30,나,나랑 놀면 좀 재밌긴해
2024.4.26 15:31,나,그니까 92모임에서 날 포기 못하지~
2024.4.26 15:31,걸,힘겹게 인정
2024.4.26 15:31,걸,마지못해 인정
2024.4.26 15:31,나,걸 넌 탈락
2024.4.26 15:32,나,그 결혼식 관계가 어케됨
2024.4.26 15:32,나,애매한 관계면 조공하러 순천까지 가지말고 돈만 쌉 보내고
2024.4.26 15:32,나,학교로 쏘셈
2024.4.26 15:44,나,결혼식장 아모르웨딩홀
2024.4.26 15:44,나,신부명: 정설희
2024.4.26 15:45,나,14시? 시작 암튼 그렇다는데 빨리 모청 까서 확인해서 오셈
2024.4.26 16:30,걸,ㅋㅋㅋㅋㅋㅋㅋㅋㅋㅋㅋㅋㅋㅋㅋㅋㅋㅋㅜ업체에서 만난분이라..
2024.4.26 16:30,걸,아 다르네
2024.4.26 16:31,걸,동일인물 아니어서 결혼식행 ㅜ
2024.4.26 16:34,나,쳇
2024.4.26 16:34,걸,ㅋㅋㅋㅋㅋㅋㅋㅋㅋㅋㅋㅋㅋㅋㅋㅋㅋㅋㅋㅋㅋ
2024.4.26 16:34,나,순천갔다가 배탈나라
2024.4.26 16:34,걸,아놔ㅜㅋㅋㅋ
2024.4.26 16:34,나,음식 잘못먹어서 
2024.4.26 16:34,걸,예쁜마음 예쁜말~
2024.4.26 16:35,나,(사랑)음식 잘 먹긴 먹는데 어쩔 수 없이 탈 나라(네잎클로버)
2024.4.26 16:35,걸,ㅋㅋㅋㅋㅋㅋㅋㅋㅋㅋㅋㅋㅋㅋㅋㅋㅋㅋㅋㅋㅋㅋㅋㅋㅋ
2024.4.26 16:35,걸,아짜증낰ㅋㅋㅋㅋㅋㅋㅋㅋㅋㅋㅋㅋㅋㅋㅋ
2024.4.26 16:36,나,(날도 더운데 땀 많이 흘릴 수 밖에 없는 환경이지만...)땀 흘리고 메이크업 수정 못해서 어쩔 수 없이 웃으면서 결혼식 참석해라
2024.4.26 16:36,나,(스타)
2024.4.27 15:59,나,"아 안녕하세요 어제 잘못된 정보를 알려드려서 정정합니다.
다른 과제가 21시까지고, SPC는 낼까지랍니다"
2024.4.27 16:00,나,과제가 많아서 착각했네요
2024.4.27 16:00,나,글고 어제 저희과 대부님이 걸님도 상시 초대한다 하셨습니다 같이 공장개론을 듣기 때문이죠 그럼 이만
2024.4.27 16:23,걸,ㅋㅋㅋㅋㅋㅋㅋㅋㅋㅋㅋㅋㅋㅋㅋㅋㅋㅋㅋ
2024.4.27 16:23,걸,선생님..
2024.4.27 16:24,나,죄송합니다
2024.4.27 16:24,걸,대부님이 누구세요???
2024.4.27 16:24,나,글고 과제 미리하면
2024.4.27 16:24,나,좋은거지 난리시네
2024.4.27 16:24,나,정훈형님 ㅎ
2024.4.27 16:24,걸,누구징..
2024.4.27 16:24,걸,몰라영
2024.4.27 16:24,나,그 3조인가 2조인가
2024.4.27 16:24,나,식사권인가 당텀됏눈디
2024.4.27 16:24,나,암튼 다 됐고
2024.4.27 16:24,걸,넹넹~~(⌒.－)＝★
2024.4.27 16:25,걸,엥 자동완성이에요
2024.4.27 16:25,나,월이나 화욜에 우리 밥먹는데 오라고 초대하샷슴다
2024.4.27 16:25,걸,오오오
2024.4.27 16:25,나,어제 제가 약간
2024.4.27 16:25,나,간잽이로 반신반의 극찬했거드뇨
2024.4.27 16:25,걸,아놔
2024.4.27 16:25,걸,ㅋㅋㅋㅋㅋㅋㅋㅋㅋㅋㅋㅋㅋㅋㅋㅋㅋㅋㅋㅋㅋㅋ
2024.4.27 16:25,나,오라니까 안오고 간 봤지만
2024.4.27 16:25,나,우리랑 개론 듣는 사람있다
2024.4.27 16:25,걸,ㅋㅋㅋㅋㅋㅋㅋㅋㅋㅋㅋㅋㅋㅋㅋㅋㅋㅋㅋㅋㅋ
2024.4.27 16:25,나,광주사람이다 
2024.4.27 16:25,나,오 놀라시더니
2024.4.27 16:25,나,고창 출신이라고 하시더만
2024.4.27 16:26,걸,아 시골출신이시네
2024.4.27 16:26,걸,라고할뻔
2024.4.27 16:26,나,지방특 행정구역 도만 같아도 쌩난리
2024.4.27 16:26,걸,그러니까 정이 있잖아요^^
2024.4.27 16:26,나,시골특)걸
2024.4.27 16:26,걸,ㅋ
2024.4.27 16:26,걸,선생님
2024.4.27 16:26,나,저 시골민심 개시러함
2024.4.27 16:26,걸,안물안궁
2024.4.27 16:26,나,ㅇㅋ ㅗ
2024.4.27 16:26,걸,ㅋㅋㅋㅋㅋㅋㅋㅋㅋㅋㅋㅋㅋㅋㅋㅋㅋㅋㅋ
2024.4.27 16:27,나,결혼싣 정설희 아님?
2024.4.27 16:27,걸,ㅋㅋㅋㅋㅋㅋㅋㅋㅋㅋㅋㅋㅋㅋㅋㅋ넹 ㅜㅜ
2024.4.27 16:27,나,솔직히 말해
2024.4.27 16:27,걸,아니라고요~~
2024.4.27 16:28,나,ㅇㅋ 
2024.4.27 16:28,나,오늘 좀 힘ㄷㄹ어서
2024.4.27 16:28,나,침대에 좀 누울게요
2024.4.27 16:28,걸,뭘했다고 힘드시죠?
2024.4.27 16:28,걸,오빠근데 다리는 좀 어때요?
2024.4.27 16:28,나,이야
2024.4.27 16:28,나,걱정도 하네
2024.4.27 16:28,걸,¯ࡇ¯ 
2024.4.27 16:28,걸,촴놰
2024.4.27 16:29,걸,어떠냐고요~~
2024.4.27 16:29,걸,좀 괜찮아졌냐고요~~
2024.4.27 16:29,나,넹
2024.4.27 16:29,나,덕분에 나았어요
2024.4.27 16:31,걸,그럼 저한테 잘하세요
2024.4.27 16:31,걸,이모티콘
2024.4.27 16:31,나,진심 어제 말이 씨가 됐는지
2024.4.27 16:31,나,신수연 뭐라는줄 아셈?
2024.4.27 16:31,걸,머가요 ?
2024.4.27 16:32,나,사진
2024.4.27 16:32,나,진짜 어이없어서
2024.4.27 16:32,걸,?
2024.4.27 16:32,걸,오빠가 수연언니를 밀당한다고요?
2024.4.27 16:33,걸,오빠가??????
2024.4.27 16:33,나,하겠냐
2024.4.27 16:33,나,어이없네
2024.4.27 16:40,걸,ㅋㅋㅋㅋㅋㅋㅋㅋㅋㅋㅋㅋㅋㅋㅋ
2024.4.27 16:40,걸,오빤 연애 안하나요
2024.4.27 16:42,나,...
2024.4.27 16:42,나,토욜부터 열받게 하넹
2024.4.27 16:42,나,결혼식장 다녀오더니
2024.4.27 16:42,나,흥 오르신듯
2024.4.27 16:43,걸,그런가봐요
2024.4.27 16:43,걸,연애하고싶어지는..
2024.4.27 16:43,걸,이모티콘
2024.4.27 16:43,나,헤어진지 얼마 되지도 않았잖아요
2024.4.27 16:43,나,그 스토킹 당한다매
2024.4.27 16:43,걸,엥 저 오래됐어요!!
2024.4.27 16:43,걸,22년 11월에..
2024.4.27 16:43,나,디테일 무엇
2024.4.27 16:44,걸,대학교 cc라 걍 애들이 제 소식 전해주는거죠 뭐
2024.4.27 16:44,걸,스토킹까진 아니두
2024.4.27 16:44,나,그 모야
2024.4.27 16:44,나,좋은 나인데
2024.4.27 16:44,나,왜 혼자 지내요
2024.4.27 16:44,걸,날짜가 신기하자나요
2024.4.27 16:44,나,98년생이잖아
2024.4.27 16:44,나,몇살이지
2024.4.27 16:44,걸,22 / 2 = 11
2024.4.27 16:44,걸,22년 11월
2024.4.27 16:44,나,저기요 날짜 얘기해서
2024.4.27 16:44,걸,딱 맞아떨어지자나요
2024.4.27 16:44,나,부심부리시길래
2024.4.27 16:44,걸,ㅋㅋㅋㅋㅋㅋㅋㅋㅋㅋㅋㅋㅋㅋㅋㅋㅋㅋㅋㅋㅋ 
2024.4.27 16:44,나,저도 한번 부리면
2024.4.27 16:44,나,제 생일이 좀 ㄹㅇ임
2024.4.27 16:44,걸,안들을래요
2024.4.27 16:44,나,들어
2024.4.27 16:44,걸,시러
2024.4.27 16:44,나,눈 크게 떠
2024.4.27 16:44,걸,ㅋㅋㅋㅋㅋㅋㅋㅋㅋㅋㅋㅋㅋㅋㅋㅋㅋㅋㅋ
2024.4.27 16:45,걸,네 몬데요
2024.4.27 16:45,나,5/25 생일선물 준비해~
2024.4.27 16:45,걸,그게 뭐가 신기하지
2024.4.27 16:45,나,5*5=25
2024.4.27 16:45,걸,그럼 소개라도 시켜주던가요
2024.4.27 16:45,나,5^2
2024.4.27 16:45,걸,오이씹오
2024.4.27 16:45,나,된소리 자제좀
2024.4.27 16:45,나,소개해드려?
2024.4.27 16:45,나,이상형이?
2024.4.27 16:45,걸,이모티콘
2024.4.27 16:45,걸,오오
2024.4.27 16:45,나,전 더오래됨요
2024.4.27 16:45,나,공유랬나
2024.4.27 16:45,걸,175이상에 강아지상에 다정다감한 사람
2024.4.27 16:45,나,여자애들 죄다 공유래서
2024.4.27 16:46,걸,노우
2024.4.27 16:46,나,아니 그 모지
2024.4.27 16:46,걸,공유 실허요
2024.4.27 16:46,나,98년생이면 몇살이지
2024.4.27 16:46,걸,27살이용
2024.4.27 16:46,나,진심 계산이 안되서 묻는거
2024.4.27 16:46,나,27살
2024.4.27 16:46,나,지금 사겨서
2024.4.27 16:46,나,1~2년 만나고 결혼하면 진짜
2024.4.27 16:46,나,현대사회 최적화된 결혼나이 최적해 찾네
2024.4.27 16:46,걸,ㅋㅋㅋㅋㅋㅋㅋㅋㅋㅋㅋㅋㅋㅋㅋㅋㅋㅋㅋㅋㅋㅋㅋㅋ
2024.4.27 16:46,걸,전 결혼 늦게항거라서ㅜ
2024.4.27 16:46,걸,한 33-35쯤 ?
2024.4.27 16:47,나,한 28~29살 소개해주면 
2024.4.27 16:47,걸,인생 좀 즐기고 합시다 거
2024.4.27 16:47,나,되는거죠
2024.4.27 16:47,걸,오
2024.4.27 16:47,걸,조아요
2024.4.27 16:47,걸,이모티콘
2024.4.27 16:47,나,그럼 97년생 96년생 해달라는거네
2024.4.27 16:47,나,근데 내 코가 석잔데 누굴 해줘 ㅋ
2024.4.27 16:47,걸,ㅋㅋㅋㅋㅋㅋㅋㅋㅋㅋㅋㅋㅋㅋㅋㅋㅋㅋ
2024.4.27 16:47,나,삭제된 메시지입니다.
2024.4.27 16:47,걸,ㅋ
2024.4.27 16:47,걸,예 그동안 즐거웠어요~
2024.4.27 16:47,걸,가세요~
2024.4.27 16:47,나,이거면 도사견 만나야 겠는데
2024.4.27 16:48,나,사진
2024.4.27 16:48,나,ㄹㅇ 강아지상에
2024.4.27 16:48,나,개다정다감함
2024.4.27 16:48,걸,?
2024.4.27 16:48,걸,ㅋ
2024.4.27 16:48,걸,성격 개드럽자나여
2024.4.27 16:48,나,ㄴㄴ 도란만 바라보는
2024.4.27 16:48,나,바보같은 녀석 ㅠ
2024.4.27 16:48,나,대신 밥 잘 챙겨줘야함 
2024.4.27 16:48,걸,오빠 침대에 누웠어요?
2024.4.27 16:48,걸,걍 자세요
2024.4.27 16:48,나,다시 의자에 앉았는데..
2024.4.27 16:48,걸,걍 누워요
2024.4.27 16:49,나,저기요
2024.4.27 16:49,나,왜케 화가 나셨어요
2024.4.27 16:49,나,아니 어제 정보 잘못 알려드려서
2024.4.27 16:49,걸,ㅋㅋㅋㅋㅋㅋㅋㅋㅋㅋㅋㅋㅋㅋㅋㅋㅋㅋㅋㅋ
2024.4.27 16:49,걸,아놔ㅜ
2024.4.27 16:49,나,정정해드리고
2024.4.27 16:49,나,사과드렸는데
2024.4.27 16:49,나,그냥 화풀이하시네 결혼식 다녀와서
2024.4.27 16:49,걸,그건 받아줄게요
2024.4.27 16:49,걸,아닌데여?
2024.4.27 16:49,나,아니 누가 스토킹 당하래
2024.4.27 16:49,나,맞는데?
2024.4.27 16:49,나,걸 결혼식 참석 1년간 금지
2024.4.27 16:49,걸,본인이 한말을 돌아볼필요가 있으세요
2024.4.27 16:50,나,죄송합니다
2024.4.27 16:50,걸,근데 저 사실 지금 연애할 생각 없어요
2024.4.27 16:50,나,적극적으로 대처하면 되는거죠
2024.4.27 16:50,걸,ㅋㅋㅋㅋㅋㅋㅋㅋㅋㅋㅋㅋㅋㅋㅋㅋㅋ
2024.4.27 16:50,걸,아웃겨ㅜ
2024.4.27 16:50,나,?
2024.4.27 16:50,걸,저사실 연애 안하는게 지금은 더 조아요
2024.4.27 16:50,걸,ㄹㅇ 너무 편해요
2024.4.27 16:50,나,그냥 쭉 혼자 사세요
2024.4.27 16:50,나,편한거랑
2024.4.27 16:50,나,좋은거랑은 약간 영역이 다르지만
2024.4.27 16:50,걸,아ㅜ그건 안돼용
2024.4.27 16:50,나,뭐 본인이 구분하기 싫다면 즐기세요
2024.4.27 16:50,걸,ㅋㅋㅋㅋㅋㅋㅋㅋㅋㅋㅋㅋㅋㅋㅋㅋ
2024.4.27 16:51,걸,이모티콘
2024.4.27 16:51,나,어제 정훈형님이 차로 집 댈다주면서 하는말이 딱 떠오르네요
2024.4.27 16:51,걸,몬데요
2024.4.27 16:51,나,저한테도 똑같은 말씀하셨는데
2024.4.27 16:51,나,전 약간 대답을 반대로 했거든요
2024.4.27 16:51,걸,머라하셧는데요
2024.4.27 16:51,나,딱히 뭐 맘도 안 서고 용기도 안나고 의지가 없네요
2024.4.27 16:51,나,근데 결론은 편하네요
2024.4.27 16:51,나,이렇게 접근함
2024.4.27 16:52,걸,아하
2024.4.27 16:52,나,96 97
2024.4.27 16:52,나,오 대박
2024.4.27 16:52,나,내 사촌동생 97인데
2024.4.27 16:52,걸,오빠도 뭐 지금이 편하면 뭐 좋은거죠
2024.4.27 16:52,걸,오
2024.4.27 16:52,나,인척 되실래요?
2024.4.27 16:52,걸,가족을 저에게 팔아도 되시겠어요?
2024.4.27 16:52,걸,ㅋㅋㅋㅋㅋㅋㅋㅋㅋㅋㅋㅋㅋㅋㅋㅋㅋ
2024.4.27 16:52,나,걔 배우하는애임
2024.4.27 16:52,걸,헐
2024.4.27 16:53,걸,잘생겼겠네요
2024.4.27 16:53,나,사진보내주까
2024.4.27 16:53,걸,오오
2024.4.27 16:53,걸,이렇게 ????
2024.4.27 16:53,나,근데 얘 소개받을 생각이 이쪽에서 1도 없긴한데
2024.4.27 16:53,나,그냥 사진만 보셈
2024.4.27 16:53,걸,넹넹~~(⌒.－)＝★ 
2024.4.27 16:53,나,엊그제 우리집왔는데 얘
2024.4.27 16:53,걸,그럼 소개팅 장소 오빠집??
2024.4.27 16:53,나,?;;
2024.4.27 16:53,나,그건 좀
2024.4.27 16:54,나,청소하고 가실건가요
2024.4.27 16:57,나,사진
2024.4.27 16:57,나,아 근데 진짜 이모랑 판박이네 이놈새끼
2024.4.27 16:58,걸,와
2024.4.27 16:58,걸,대박 잘생기셨다
2024.4.27 16:58,걸,이모티콘
2024.4.27 16:59,나,나도 쟤 나이땐
2024.4.27 16:59,나,더 잘생겼었는데 ㅠ
2024.4.27 16:59,나,젊어서 좋겠다 너네
2024.4.29 19:33,걸,진짜 개지루하다
2024.4.29 19:33,걸,언제끝나여
2024.4.29 19:33,걸,교수님 총애받는다매요
2024.4.29 19:33,나,님
2024.4.29 19:33,걸,빨리좀끝내달라해줘요
2024.4.29 19:33,나,1페이지 목차 좀 보여줘보셈
2024.4.29 19:34,걸,?
2024.4.29 19:34,나,목차
2024.4.29 19:34,걸,왜여
2024.4.29 19:34,나,봤음
2024.4.29 19:34,나,나만 그런게 아니네
2024.4.29 19:34,걸,뭥미
2024.4.29 19:34,나,깨진거
2024.4.29 19:34,걸,뭐 그런걸 신경쓴대요
2024.4.29 19:34,나,아니 다른데도 개져서
2024.4.29 19:35,나,얼른 끝나야 맥날
2024.4.29 19:35,나,해피밀 먹으러 가는디
2024.4.29 19:35,걸,선데이 사주세요
2024.4.29 19:35,걸,안어울리게 몬 해피밀이에요..
2024.4.29 19:35,나,ㅇㅋ 해피밀 가야징
2024.4.29 19:35,나,원숭이 개귀여움
2024.4.29 19:35,걸,저도 사줘요
2024.4.29 19:35,나,"선데이 먹ㄴ,ㄴ다메"
2024.4.29 19:35,나,양아치니?
2024.4.29 19:35,걸,그것도 사주고
2024.4.29 19:36,나,무례를 숨쉬듯 범하시네
2024.4.29 19:36,걸,아웃겨ㅜ
2024.4.29 19:36,나,새싹보리 잘 버리고
2024.4.29 19:36,걸,근데 저란테 왜 쓰레기 버리시는지
2024.4.29 19:36,나,투기할게
2024.4.29 19:36,걸,몇살이세요진짜
2024.4.29 19:36,걸,ㅜㅜ
2024.4.29 19:36,나,버린게 아니라
2024.4.29 19:36,걸,중딩도 안할듯 ㅜ
2024.4.29 19:36,나,ㅈ ㅐ활용
2024.4.29 19:36,걸,철좀들어주세요
2024.4.29 19:37,나,철들면 늙음
2024.4.29 19:37,걸,근데 수연언니 수업 소리 들린대요?
2024.4.29 19:37,나,철 안든게 결정적 요인
2024.4.29 19:37,나,지가 걍 껐다함
2024.4.29 19:37,걸,ㅋㅋㅋㅋㅋㅋㅋㅋㅋㅋㅋㅋㅋㅋㅋㅋㅋㅋㅋ
2024.4.29 19:37,나,한심;
2024.4.29 19:38,나,사탕값해라
2024.4.29 19:38,걸,오빠도요
2024.4.29 19:38,나,ㅗ
2024.4.29 19:39,걸,힝
2024.4.29 19:39,나, 색깔별로 뭐라거?
2024.4.29 19:40,걸,흰색 외부랑 연결하는
2024.4.29 19:40,걸,만 들엇어용
2024.4.29 19:40,걸,히히 ◠‿◠
2024.4.29 19:41,나,최초로 도움됨
2024.4.29 19:41,걸,¯ࡇ¯ 
2024.4.29 19:42,나,패드로 카톡해여 공부하는거 같이 보이지
2024.4.29 19:42,나,좀 눈치 없네 바로 앞에서
2024.4.29 19:43,걸,오키요
2024.4.29 19:43,걸,수용은 잘하는편
2024.4.29 19:43,나,방금 제스처 틀딱 같았음
2024.4.29 19:44,걸,ㅋㅋㅋㅋㅋㅋㅋㅋㅋㅋㅋㅋㅋㅋㅋㅋㅋㅋㅋ ㅋㅋㅋㅋㅋㅋㅋㅋㅋㅋㅋㅋㅋㅋㅋㅋㅋ 사실 잘안써봄
2024.4.29 19:45,나,흉내내야지
2024.4.29 19:46,걸,¯ࡇ¯
2024.4.29 19:46,걸,아 언제끝나
2024.4.29 19:46,나,옆자리 말려
2024.4.29 19:46,나,말리라고
2024.4.29 19:46,나,말리라고
2024.4.29 19:47,나,말리라니까
2024.4.29 19:47,걸,쟨 안되요
2024.4.29 19:47,걸,눈치없어서
2024.4.29 19:48,나,글렀다
2024.4.29 19:48,나,-1점
2024.4.29 19:48,걸,짜증나네..
2024.4.29 19:48,걸,무슨 1점이에요
2024.4.29 19:48,나,화가많으시네
2024.4.29 19:48,걸,20점
2024.4.29 19:48,나,-1점
2024.4.29 19:48,걸,그만해라진짜…
2024.4.29 19:48,나,-20점
2024.4.29 19:49,걸,아싸
2024.4.29 19:49,걸,마이너스되면 우리 손절하나요?
2024.4.29 19:49,걸,이모티콘
2024.4.29 19:49,나,바라는대로;
2024.4.29 19:49,걸,ㅋㅋㅋㅋㅋㅋㅋㅋㅋㅋㅋㅋㅋㅋㅋㅋㅋㅋ 
2024.4.29 19:49,걸,왜 삐져요
2024.4.29 19:49,걸,장난이에요
2024.4.29 19:50,나,안 삐짐
2024.4.29 19:50,나,이 말때문에 없던 삐짐도 생김
2024.4.29 19:50,걸,ㅋㅋㅋㅋㅋㅋㅋㅋㅋㅋㅋㅋㅋㅋㅋㅋㅋㅋㅋㅋㅋㅋㅋㅋㅋㅋㅋㅋㅋㅋㅋㅋㅋㅋㅋ 
2024.4.29 19:50,걸,아개웃교
2024.4.29 19:57,나,맥날 ㄱ
2024.4.29 19:58,걸,어디세요
2024.4.29 19:58,나,해교요
2024.4.29 19:58,나,사거리
2024.4.29 19:58,나,사진
2024.5.18 16:48,나,전도라시
2024.5.18 16:48,나,도란씨*
2024.5.18 16:48,나,혹시 잉크까페라고 아세요?
2024.5.18 17:46,걸,당욘하죵 ???
2024.5.18 17:46,걸,사진
2024.5.18 17:46,걸,야구공빵 죤맛~~
2024.5.18 17:48,나,잉크까페거?
2024.5.18 17:48,나,아니 이거 오늘 썰 생겨서 들려줄랬는데
2024.5.18 17:48,나,알아버리넹?
2024.5.18 17:48,나,사진
2024.5.18 20:10,걸,움 ? 무슨 썰이요 ??
2024.5.18 20:19,나,오늘 좀 볼일 있어서 남양주 다녀왔는데
2024.5.18 20:19,나,거기 기아 팬 2명 우연히 다 만나서 이야기 듣다가
2024.5.18 20:19,나,또란님하고 2가지 공통점 있는 한분을 발견해서
2024.5.18 20:20,나,광주 출신/ 기아 팬
2024.5.18 20:31,걸,ㅋㅋㅋㅋㅋㅋㅋㅋㅋㅋㅋㅋㅋㅋㅋㅋㅋㅋ
2024.5.18 20:32,걸,진짜 지연이 뭔지
2024.5.18 20:32,걸,만나지도 않았는데 반가운 동시에 친밀감 생기네..
2024.5.18 20:33,나,그래서 다양한 썰을 듣고
2024.5.18 20:33,나,이야기 꽃을 나중에 피우기로하묘
2024.5.18 20:33,나,초대해드림
2024.5.18 20:33,나,두분 꽃 피워드리고 도망가겠음
2024.5.18 20:33,나,지금은 닭발 먹을거라 이만
2024.5.18 20:34,걸,오오 좋아옄ㅋㅋㅋㅋㅋㅋㅋㅋㅋㅋㅋㅋㅋㅋㅋ
2024.5.18 20:34,걸,맛있게 드세요 ◡̈
2024.5.18 20:34,나,녜 참고로 학교 사람임뮈다
2024.5.18 20:35,나,오늘 우연히 만나게되서
2024.5.18 20:38,걸,오오오오오옹오오
2024.5.18 20:38,걸,이모티콘
2024.5.18 20:39,나,ㅁㅊ 임티도 좀 찐이네
2024.5.18 20:39,나,95 나보다 동생이라 더 말 잘 통하실듯
2024.5.18 21:10,걸,오오
2024.5.18 21:10,걸,남자애요?
2024.5.18 21:22,나,얍
2024.5.18 21:22,나,중요한가요
2024.5.18 21:57,걸,아숩
2024.5.18 21:57,걸,여자였으면 더 좋앗을텐데
2024.5.18 22:30,나,노력하겠습니다
2024.5.18 22:30,나,사진
2024.5.18 23:06,걸,..
2024.5.18 23:06,걸,유혹하지마세요 지금 야식 먹고싶은거 간신히 참고있다구요..
2024.5.18 23:07,나,사진
2024.5.18 23:07,나,넹
2024.5.18 23:07,나,사진
2024.5.18 23:07,나,넹
2024.5.18 23:07,걸,말과 행동을 일치시켜주세요
2024.5.18 23:08,나,사진
2024.5.18 23:08,나,넹
2024.5.18 23:08,나,사진
2024.5.18 23:08,나,넹
2024.5.27 18:38,나,오늘 혹시 뭐 싸우고 싶으신건가요
2024.5.27 18:39,걸,아니 쉅시간에 누가 말걸어요
2024.5.27 18:39,나,지각한 주제에
2024.5.27 18:39,걸,뷁
2024.5.27 18:39,나,뭐 묻은 도란이 뭐 묻은 현우 뭐라하네
2024.5.27 18:39,걸,3인칭에바에요ㅜ
2024.5.27 18:39,걸,이모티콘
2024.5.27 18:41,걸,아ㅜ누구에요 저분 ㅜ
2024.5.27 18:41,걸,개웃겨ㅜㅜㅜㅜㅜㅜㅜ
2024.5.27 18:41,나,?
2024.5.27 18:41,나,뒤에가 그 
2024.5.27 18:42,나,아니 좀 찐이네 패드에도 깔라고요
2024.5.27 18:42,걸,?
2024.5.27 18:42,걸,멀여?
2024.5.27 18:42,나,교수님 앞에 계신데 폰으로 카톡하네
2024.5.27 18:43,나,혹시 소시오패스?
2024.5.27 18:43,나,한 20분 관찰한 결과
2024.5.27 18:43,나,그러함
2024.5.27 18:43,걸,(무시)
2024.5.27 18:44,나,폰 할라고 뒤에 앉은거봐
2024.5.27 18:47,걸,오빠는여¯ࡇ¯
2024.5.27 18:48,걸,근데 언니들 암도 안왓네..
2024.5.27 18:48,나, ? 님 여기 수업 언니들이 있음?
2024.5.27 18:48,나,ㅅㅇ은 오늘 안 온댓고
2024.5.27 18:48,걸,왜요
2024.5.27 18:48,나,사실상 마지막주에만 오는거 같은데
2024.5.27 18:48,나,또 누가 있ㄷ음 한학기가 되도록 모르겟네
2024.5.27 18:49,걸,소영언니
2024.5.27 18:49,나,아 그러네
2024.5.27 18:49,나,구라쟁이라 안왔나
2024.5.27 18:51,걸,ㅋㅋㅋㅋㅋㅋㅋㅋㅋㅋㅋㅋㅋㅋㅋㅋㅋㅋ 
2024.5.27 18:52,걸,ㅋㅋㅋㅋㅋㅋㅋㅋㅋㅋㅋㅋㅋㅋㅋㅋㅋㅋㅋㅋㅋㅋㅋㅋㅋㅋㅋㅋㅋㅋㅋㅋ 구라쟁잌ㅋㅋㅋㅋ
2024.5.27 18:52,걸,일단 연락해봣는대 답이 업네
2024.5.27 18:52,나,소영이 내가 결국 목요일에 클라이밍 거대한 흐름에 던져놓고 나옴
2024.5.27 18:52,걸,?
2024.5.27 18:52,걸,먼말이래여
2024.5.27 18:53,나,클라이밍 소모임 토요일에 작정하고 만들어서 하라그럼
2024.5.27 18:53,나,난 안 감
2024.5.27 18:53,걸,목욜에 클라이밍 해여?
2024.5.27 18:54,나,ㅇㅋ
2024.5.27 18:54,나,하실?
2024.5.27 18:54,나,물론 난 안감
2024.5.27 18:54,걸,그때 광주에 있죵
2024.5.27 18:54,걸,안궁금해요
2024.5.27 18:54,나,광주 그 수경이랑
2024.5.27 18:54,나,아론이랑 토요일에 썰 풀어줄랫는데
2024.5.27 18:54,걸,걔가 수목금 다 약속잇대여;;;;
2024.5.27 18:54,나,그럴 시간이 없었네 ㅎ
2024.5.27 18:54,걸,먼썰?
2024.5.27 18:54,나,목요일이 클라이밍
2024.5.27 18:55,나,광주 사람덜 기아 썰
2024.5.27 18:55,나,우연히 알게 되서 2주전에
2024.5.27 18:55,걸,아아아 그 남자분?
2024.5.27 18:55,걸,그게 아론닠이에여?
2024.5.27 18:55,걸,님
2024.5.27 18:55,나,네
2024.5.27 18:55,걸,대박 ㅜ
2024.5.27 18:55,나,아
2024.5.27 18:55,나,ㄹ돈이
2024.5.27 18:55,걸,몰랏음 ㅜ
2024.5.27 18:55,걸,말해즈지ㅜ
2024.5.27 18:55,나,알길이 없지
2024.5.27 18:56,나,"근데 귀찮아서 뒤도라서 말해주기 기찮앗ㅇ,ㅁㅁㅁ"
2024.5.27 18:56,걸,귀찮을것도 많다
2024.5.27 18:57,나, 방구 개쎄게 분출하시네
2024.5.27 18:58,걸,?
2024.5.27 18:58,걸,",,;"
2024.5.27 18:58,걸,초딩이신지..?
2024.5.27 18:58,나,장군감이네
2024.5.27 18:58,걸,그만
2024.5.27 18:59,나,이러니 대환형이 귀엽다고 하시는군요
2024.5.27 18:59,나,저번에 단톡방 보면서 아련하게
2024.5.27 18:59,나,"‘도란이 귀엽지,,,’"
2024.5.27 18:59,나,아련보스인줄
2024.5.27 18:59,걸,?
2024.5.27 18:59,걸,언제요..?
2024.5.27 18:59,나,5월 14일
2024.5.27 18:59,걸,응?
2024.5.27 18:59,나,그냥 그런가보다 하셈
2024.5.27 19:00,걸,저 좋아하신대요?
2024.5.27 19:00,나,아니 그냥
2024.5.27 19:00,나,귀여워만 하시는듯
2024.5.27 19:00,나,마치 반려견 보면 드는 생각처럼
2024.5.27 19:00,걸,멍멍 왈왈!
2024.5.27 19:00,나,강형욱 보고 싶고 막
2024.5.27 19:00,나,아이쇼스피드인가
2024.5.27 19:00,걸,오빠 쉅좀 들어요
2024.5.27 19:01,나,샵검색: #아이쇼스피드
2024.5.27 19:01,나,닮긴했네
2024.5.27 19:01,걸,그거 봣어요?
2024.5.27 19:01,걸,뒤에서 툭툭 하이파이브 해달라고
2024.5.27 19:01,걸,개웃김 ㅡ
2024.5.27 19:01,나,걸시 숏츠 잘 찍더라구요
2024.5.27 20:46,나,님 막찬가요?
2024.5.27 20:46,걸,??
2024.5.27 20:46,걸,뭐가요 ?
2024.5.27 20:46,나,아니 김민영 꼬시는중인데
2024.5.27 20:47,나,혼자가기 민망해 하길래 확인듕
2024.5.27 20:50,나,빠른시간내로 답좀
2024.5.27 20:58,걸,아니 므ㅓㄹ요
2024.5.27 20:58,걸,뭘요?
2024.5.27 21:00,나,안 가는걸로 알고 미명한테 말함
2024.5.27 21:00,나,미녕은 막찬 끌고 오게
2024.5.27 21:01,걸,제 막차를 왜 같이타요?
2024.5.27 21:02,걸,막차를 같이 타라고요?
2024.5.27 21:02,나,아니;
2024.5.27 21:02,나,그냥 아니요라고 대답하셈
2024.5.27 21:03,걸,황당하네요
2024.5.27 21:04,나,사진
2024.5.27 21:04,나,이거라서 물어본거임
2024.5.27 21:07,걸,아아
2024.5.27 21:07,걸,근데 왜 막차냐고 물어봐요 ?
2024.5.27 21:07,걸,아 놀다가 막차타고 갈거냐고
2024.5.27 21:07,나,"아 막찬,,…"
2024.5.27 21:07,걸,오 구래용 저근데 2교시 있어서 끝다구
2024.5.27 21:08,나,막걸리찬가가요? 줄임말;
2024.5.27 21:08,나,ㅋㅋㅌㅌㅋㅋㅋㅋ 개웃기네
2024.5.27 21:08,나,나도 이거 끝나고 간다고 욕 개먹고 잇음
2024.5.27 21:08,나,그래서 님 팔았음
2024.5.27 21:08,걸,ㅋㅋㅋㅋㅋㅋㅋㅋㅋㅋㅋㅋㅋㅋㅋㅋㅋㅋㅋㅋ ㅋㅋㅋㅋㅋㅋㅋㅋㅋㅋㅋㅋㅋㅋㅋㅋㅋ ㅋㅋㅋㅋㅋㅋㅋㅋㅋㅋㅋㅋㅋㅋㅋㅋ ㅋㅋㅋㅋㅋㅋㅋㅋㅋㅋㅋㅋㅋㅋㅋㅋㅋ 
2024.5.27 21:08,걸,하ㅜ
2024.5.27 21:08,나,아스크림 값좀 해라
2024.5.27 21:09,나,나도 탱커가 필ㅇ요하잖아
2024.5.27 21:09,나,내가 하면 욕 먹음
2024.5.27 21:09,걸,후우우우웅
2024.5.27 21:09,나,님은 미녕이 욕 안하잖아
2024.5.27 21:09,걸,나 다이어트하는데
2024.5.27 21:09,나,?
2024.5.27 21:09,나,아까 또랑이랑 버거킹갔을때 전혀 안 느껴짐 공감 X
2024.5.27 21:09,걸,ㅋㅋㅋㅋㅋㅋㅋㅋㅋㅋㅋㅋㅋㅋㅋㅋㅋㅋㅋㅋㅋㅋㅋㅋㅋㅋㅋㅋㅋㅋㅋㅋ ㅋㅋㅋㅋㅋㅋㅋㅋㅋㅋㅋㅋㅋㅋㅋㅋㅋ
2024.5.27 21:09,걸,오 또랑이 귀욥당
2024.5.27 21:10,걸,나랑 잘어울린당><
2024.5.27 21:10,나,역시 대환의 반려인
2024.5.27 21:10,나,나도 약간 가스라이팅 당한듯 게속 들어서 그런 반려인인가보다 싶음
2024.5.27 21:10,걸,ㅋㅋㅋㅋㅋㅋㅋㅋㅋㅋㅋㅋㅋㅋㅋㅋㅋㅋㅋㅋㅋㅋㅋㅋㅋㅋㅋㅋㅋㅋㅋㅋ 
2024.5.27 21:10,걸,제 주인들이 많네요
2024.5.27 21:10,걸,이놈의 인기란 ㅜ
2024.5.27 21:10,걸,아훙 피고내
2024.5.27 21:11,나,자뻑조차 반려인으로 최적화
2024.5.27 21:12,걸,ㅋㅋㅋㅋㅋㅋㅋㅋㅋㅋㅋㅋㅋㅋㅋㅋ
2024.5.27 21:12,걸,암툰 오빠
2024.5.27 21:12,걸,나 다이어트 하는데 더 고민해볼게에
2024.5.27 21:19,나,하 ㅈㄴ 어이없네;
2024.5.27 21:19,걸,화내진말구
2024.5.27 21:19,걸,근데 오빠 생파에요 ?
2024.5.27 21:20,나,아니 그냥 지들끼리 북치고 장구치고 내 욕하고
2024.5.27 21:20,걸,오빠 생파가 명목이면 가궁
2024.5.27 21:20,나,그냥 지들 입실 못가서 생파 못햇다고
2024.5.27 21:20,걸,아니근데 굣님 와요 ?
2024.5.27 21:20,나,겸사겸사 수업째고 놀자고 해서 자꾸
2024.5.27 21:20,나,그냥 다 짬뽕임
2024.5.27 21:20,나,ㄱㄱ혓
2024.5.27 21:20,걸,..굣님 가면 안가져
2024.5.27 21:21,나,일단 오셈
2024.5.27 21:21,걸,안주 샐러드 ㄱㄱ
2024.5.27 21:21,나,이미 든든하게 먹엇다고
2024.5.27 21:22,걸,나 다이어트 한다고
2024.5.27 21:23,나,언제부터 시작함
2024.5.27 21:23,걸,이모티콘
2024.5.27 21:23,걸,입실 끝나고부터요
2024.5.27 21:23,나,그럼 영업일 기준 오늘이네
2024.5.27 21:26,걸,ㅋㅋㅋㅋㅋㅋㅋㅋㅋㅋㅋㅋㅋㅋㅋㅋㅋ ㅋㅋㅋㅋㅋㅋㅋㅋㅋㅋㅋㅋㅋㅋㅋㅋ 
2024.5.27 21:27,걸,입실가서 분명 2만보 겅엇는데
2024.5.27 21:27,걸,2키로 찜
2024.5.27 21:27,나,2만보 제자리걸음 햇자나 ㅜ
2024.5.27 21:27,나,글고 술을 그렇게 마셔서 얼굴 새빨갛었는데 무슨 다욧이야
2024.5.27 21:30,걸,ㅋㅋㅋㅋㅋㅋㅋㅋㅋㅋㅋㅋㅋㅋㅋㅋㅋㅋㅋㅋㅋ 
2024.5.27 21:30,걸,나 점프 개마니했는뎅 ㅜ
2024.5.27 21:33,나,좀 오바하지먀 ㅠㅜ 술 만땅되서 얼굴 개빨겠음 ㅜ
2024.5.27 21:33,걸,저 쉅 끝났는데
2024.5.27 21:33,걸,어디삼요
2024.5.27 21:34,나,미친
2024.5.27 21:34,나,나 미뎌관
2024.5.27 21:36,걸,뭐하세요
2024.5.27 21:36,걸,오라면서
2024.5.27 21:36,걸,자기가 안오면 어쩔래미?
2024.5.27 21:36,나,미녕ㅈ이랑 손 잡고 일단 가
2024.5.27 21:36,걸,집갈게요 빠이
2024.5.27 21:36,나,마무리둥
2024.5.27 21:36,걸,미녕언니 갓어요
2024.5.27 21:36,걸,못간대요
2024.5.27 21:36,나,"ㄱ,럼 ㅁ
뎌관으로"
2024.5.27 21:36,나,데리러와
2024.5.27 21:36,나,아스크림값해
2024.5.27 21:40,걸,머라는교..
2024.5.27 21:41,나,의리 ㅈㄴ없넹
2024.5.27 21:41,걸,ㅋㅋㅋㅋㅋㅋㅋㅋㅋㅋㅋㅋㅋㅋㅋ ㄷㄷ
2024.5.27 21:41,걸,무셔웡
2024.5.27 21:42,나,미뎌관으로 마중오셈 왜냐면 나 발이 아프잖아
2024.5.27 21:43,걸,"저 민경언니 데릴러가는즁^^,,"
2024.5.27 21:43,걸,오빠 늦었어욤
2024.5.27 21:43,나,ㅋ ㅇㅋ
2024.5.27 21:44,나,톡게시판 '공지': 의리 ㅈㄴ없넹
2024.5.27 22:09,나,어디여
2024.5.27 22:10,걸,오빠 연락안와서
2024.5.27 22:10,걸,걍 집가죵..
2024.5.27 22:12,나,아니 무슨소리야
2024.5.27 22:12,나,내핑계대네
2024.5.27 22:12,나,일단 오라니까
2024.5.27 22:12,나,김난아도 왔는데
2024.5.27 22:14,걸,혼자가기 민망했단말이에욤..
2024.5.27 22:15,걸,담주에 술자리있으면 고고할게용
2024.5.27 22:15,나,진짜 배신자들이네 전전컴
2024.5.27 22:17,걸,아니ㅜㅋㅋ미리 약속한게 아니자나요..!
2024.5.27 22:17,걸,저 약속있으면 미리 점심 조절해서 먹는다구요~~~
2024.5.27 22:19,나,네 잘 알겠습니다
2024.5.27 22:19,걸,ㅋㅋㅋㅋㅋㅋㅋㅋㅋㅋㅋㅋㅋㅋㅋㅋㅋ담주에 먹자구요오오
2024.5.27 22:19,걸,아님 내일 드세요 ???
2024.5.27 22:24,나,내일 나
2024.5.27 22:24,나,공강인데 ㅎ
2024.5.27 22:25,나,일단 배신감이 좀 크긴함 ㄹㅇ
2024.5.27 22:26,걸,배신감아 배신감아 작아져라 얍 !
2024.5.27 22:26,걸,구럼 담주에 먹자요~~~
2024.5.27 22:27,걸,담주에 보아요!!
2024.5.27 22:28,나,네
2024.5.27 22:28,나,바이요
2024.6.16 17:35,걸,https://naver.me/5wA6XLwi
2024.6.16 17:35,걸,오빠 내일 여기 예약했어요 !!
2024.6.16 17:35,걸,9시반쯤 ??
2024.6.16 17:52,나,아 다들 시험을 늦게까지 보는구나
2024.6.16 19:21,걸,네네 ㅜㅜ
2024.6.16 19:21,걸,저 2교시 시험있어서 ㅜㅜ
2024.6.16 20:36,나,ㅇㅋㅇㅋ
2024.6.16 20:36,나,시험을 우선 잘 봐야지
2024.6.16 20:51,걸,네에에ㅎㅎㅎㅎ내일 봬요!!
2024.6.18 0:17,걸,"원우회비 지원되었습니다 ◡̈ 정산을 시작합니다!

요청인원 : 10명
전체금액 : 283,900원
- 1차(10명) : 283,900원

28,390원 송금해 주세요~"
2024.6.18 0:42,나,봉투가 도착했어요. 송금 받기 전까지 보낸 분은 내역 상세화면에서 취소할 수 있어요.
2024.6.18 0:45,걸,송금봉투를 받았어요. *(안내) 받은 분은 매일 이자 혜택 및 송금 수수료 무료 업데이트 대상자예요.
2024.6.18 3:54,걸,"정산을 시작합니다!

요청인원 : 6명
전체금액 : 62,900원
- 1차(6명) : 62,900원

10,483원 송금해 주세요~"
2024.6.18 4:03,나,봉투가 도착했어요. 송금 받기 전까지 보낸 분은 내역 상세화면에서 취소할 수 있어요.
2024.6.18 4:10,나,좋은 자리 불러줘서 너무 고맙구 조심히 들어가십셔~
2024.6.18 4:27,걸,송금봉투를 받았어요. *(안내) 받은 분은 매일 이자 혜택 및 송금 수수료 무료 업데이트 대상자예요.
2024.6.18 4:27,걸,오빠 오늘 얼굴봐서 좋았슴돠!! 담에 또 뵈어요~~한학기 수고하셨슴돠~~
2024.6.18 10:25,나,사진
2024.6.18 10:25,나,케이스별로 어케 해야되는지 ㅎㅎㅎ... 자세히 못 들어서 어제
2024.6.18 13:25,걸,ㅋㅋㅋㅋㅋㅋㅋㅋㅋㅋㅋㅋㅋㅋㅋㅋㅋㅋㅋ 아웃곀ㅋㅋㅋㅋㅋㅋㅋㅋㅋㅋㅋㅋㅋㅋㅋㅋㅋㅋㅋ
2024.6.18 13:26,걸,최대한 전원 나오게 찍어주셔야합니다요..!
2024.6.18 13:48,나,case 2로 그럼 최대한 많은 인원 
2024.6.18 13:48,나,오케~
2024.6.18 14:10,걸,이모티콘
2024.6.18 14:10,걸,다 그리신건가욬ㅋㅋㅋ
2024.6.18 14:11,나,다 그렸지~ 잠 꺠려고...
2024.6.18 14:12,나,오늘 하루가 너무 힘든데 다들 체력 좋은가봐...
2024.6.18 14:12,걸,진짜 골골대는중..
2024.6.18 14:12,걸,어후
2024.6.18 14:12,나,일이 하루종일 손에 안 잡히네..
2024.6.18 14:12,걸,저 지금 거의 쓰러지기 일보직전
2024.6.18 14:12,걸,저도요..개헛소리만 하고
2024.6.18 14:12,나,나만 그런거 아니구나..
2024.6.18 14:12,걸,넘어지고~
2024.6.18 14:12,나,지금 커피 내 다리두께 만한거 마시는데도 조는즁..
2024.6.18 14:13,걸,이게 커피로도 안되더라고요..?
2024.6.18 14:13,나,다른 사람들도 다 힘들겠지 나만 늙어서 힘든거 아니지
2024.6.18 14:13,걸,비타민 때렸는데도 안됨 ㅜ
2024.6.18 14:13,걸,걍 토할거같고..
2024.6.18 14:13,나,나 초콜릿도 때림
2024.6.18 14:13,걸,ㅋㅋㅋㅋㅋㅋㅋㅋㅋㅋㅋㅋㅋㅋㅋㅋㅋㅋ 
2024.6.18 14:13,걸,아그럼요
2024.6.18 14:13,걸,오빠 저도 힘들어요 지굼 ㅜ
2024.6.18 14:13,나,어제 마음가짐으론
2024.6.18 14:13,나,집가서 한시간 자고 출근해야지 했는데
2024.6.18 14:13,나,현실은 최대한 늦게까지 자고 나오기..
2024.6.18 14:13,걸,ㅋㅋㅋㅋㅋㅋㅋㅋㅋㅋㅋㅋㅋㅋㅋㅋㅋㅋㅋㅋㅋㅋㅋㅋㅋㅋㅋㅋㅋㅋㅋ
2024.6.18 14:14,걸,저희도 집가서 좀만 떠들고 첫차타도 가야지
2024.6.18 14:14,걸,하고선
2024.6.18 14:14,걸,곯아떨어지고 다들 부랴부랴 나가기..
2024.6.18 14:14,나,다들 아주 귀엽구만
2024.6.18 14:14,나,새벽까지 뭐 그렇게 할말들이 많은지..
2024.6.18 14:15,걸,ㅋㅋㅋㅋㅋㅋㅋㅋㅋㅋㅋㅋㅋㅋㅋㅋㅋㅋ 그니까요
2024.6.18 14:15,걸,다들 할말이 많있나봐요..
2024.6.18 14:15,걸,다들 참고있다가 방학오니까 폭발
2024.6.18 14:16,나,귀여운 아이들.. 불만 한가득인거 귀여워
2024.6.18 14:21,걸,ㅋㅋㅋㅋㅋㅋㅋㅋㅋㅋㅋㅋㅋㅋㅋㅋㅋㅋㅋㅋㅋㅋㅋㅋㅋㅋ 
2024.6.18 14:22,걸,저는 당황스러웠는데
2024.6.18 14:22,걸,ㅋㅋㅋㅋㅋㅋㅋㅋㅋㅋㅋㅋㅋㅋㅋㅋㅋㅋ
2024.6.18 14:22,걸,후후..
2024.6.18 14:28,나,중간에서 잘 지내게 도와줘야지~
2024.6.18 14:34,걸,네에..
2024.6.18 14:34,걸,알겠슙니다..
2024.6.18 14:40,나,한편으론 기대도 되는디 빠릿빠릿한 칭구들이 한자리씩 하니까 이제
2024.6.18 17:27,걸,이모티콘
2024.6.18 17:28,걸,ㅋㅋㅋㅋㅋㅋㅋㅋㅋㅋㅋㅋㅋㅋ원우회 재밌게 해보자고요
2024.6.18 19:57,나,재밌게 좋은디
2024.6.18 19:57,나,얼굴 다 나와야 하나요
2024.6.18 20:38,걸,넵넵 !!
2024.6.18 20:42,나,얘기해서 찍엇슴댜
2024.6.18 20:42,나,사진
2024.6.18 22:10,걸,18명 맞죠 ?
2024.6.18 22:10,걸,영수즌 사진도 부탁드릴게요
2024.6.18 22:10,걸,계좌 알려주세요!
2024.6.18 23:06,나,이건 맞는디
2024.6.18 23:06,나,영수증이 나한티 없어서…
2024.6.18 23:06,나,계좌는 신수연거 말해줘야겟넹..
2024.6.18 23:38,걸,아하..
2024.6.18 23:38,걸,네네 영수증 사진까지 보내주시고
2024.6.18 23:38,걸,계좌까지 알려주시면 바로 보내드릴게요!!
2024.6.18 23:53,나,넹… 두당 마넌이면 18마넌 넘는거 한군데 하면 안되낭…
2024.6.19 2:23,걸,넹 ??
2024.6.19 7:49,나,영수증 소실에… 다 각자도생이라…
2024.6.19 7:49,걸,네..?
2024.6.19 7:49,걸,ㅋㅋㅋㅋㅋㅋㅋㅋㅋㅋ
2024.6.19 7:49,걸,영수증 사진 필요한대 ㅜㅜ
2024.6.19 7:49,나,아침부터 죄송여..
2024.6.19 7:49,나,그 모야
2024.6.19 7:49,나,내가 드림!
2024.6.19 7:49,걸,어떤걸요?
2024.6.19 7:49,나,계좌는 수연이꺼 알려드림
2024.6.19 7:50,걸,예엡
2024.6.19 7:50,나,입금 계좌 : 우리은행 1002738578741 신수연
2024.6.19 7:50,걸,영수증 ..확인 되면 보내드리겠읍니다..!!
2024.6.19 7:50,나,영수증은… 좀따 꼭 드리겠슴댜..
2024.6.19 7:50,나,아쉬…
2024.6.19 7:51,걸,네에에!!
2024.6.19 7:51,나,글구 저번에 우리과 시간표 물어본거
2024.6.19 7:52,나,어제 정 교수님께 여쭤보니 담학기는 월화목 생기는데 머신러닝이랑 시뮬레이션 열린댑니다
2024.6.19 9:31,걸,월화목이요??
2024.6.19 9:31,걸,우와 목요일도 생기는구나
2024.6.19 9:31,걸,오오 감사합니다아아
2024.6.19 9:41,나,무슨 교수님이 무슨 요일인지 미정이긴한데
2024.6.19 9:41,나,은준엽 교수님껀 들을때가 되었다는
2024.6.19 9:41,나,2학기만 열려서
2024.6.19 10:04,걸,은준엽 교수님이 누구시징..
2024.6.19 10:09,나,2학기때만 수업하는 우리과 교수님인디
2024.6.19 10:09,나,나 이번에 안 들으면 졸업 직전에 들어야되서..
2024.6.19 10:09,나,근데 우리과꺼 부전공으로 들으심?
2024.6.19 10:19,걸,음 부전공은 아닌데
2024.6.19 10:19,걸,교양으로 듣고 있지만 거의 부전공으로 생각중인..?
2024.6.19 10:20,걸,다른 타과거는 안듣고 스마트만 들을거같아용!
2024.6.19 10:20,걸,근데 미디어대학원도 들어볼까 생ㄱ가즁..
2024.6.19 10:20,나,미디어대학원은 하나 먼저 들어본사람으로
2024.6.19 10:20,나,나중에 자료 투척 ㄱㄴ
2024.6.19 10:20,나,부전공인줄 알고 우리 여름에 워크숍 1박 2일로 간다는데
2024.6.19 10:20,나,이런거도 가시나 궁금해서
2024.6.19 10:20,걸,헐
2024.6.19 10:20,걸,저도 가도 되나요
2024.6.19 10:20,걸,ㅋㅋㅋㅋㅋㅋㅋㅋㅋㅋㅋㅋㅋㅋㅋㅋㅋㅋㅋㅋㅋㅋㅋㅋ
2024.6.19 10:21,나,카라반 호텔로
2024.6.19 10:21,걸,불러주시면 언제든~
2024.6.19 10:21,나,1인 1실 해준다던데
2024.6.19 10:21,걸,와씨
2024.6.19 10:21,걸,아니 저도 갈래요
2024.6.19 10:21,나,4인 쓰는 카라반 혼자 쓰게 해준다함 ㄹㅇ
2024.6.19 10:21,걸,이모티콘
2024.6.19 10:21,걸,저도 갈래요!!!!!!!!
2024.6.19 10:21,걸,선생님 저도 데려가요!!!!!!
2024.6.19 10:21,나,부전공 아니라면서요
2024.6.19 10:21,걸,맞아요..
2024.6.19 10:21,걸,그래도 마음만은 부전공인데
2024.6.19 10:21,걸,마음은 안받아주시나요?
2024.6.19 10:21,나,토요일에 도서관에서
2024.6.19 10:21,나,정모하기로 했는데
2024.6.19 10:22,나,그때 한번 안건 상정할게요
2024.6.19 10:22,걸,ㅋㅋㅋㅋㅋㅋㅋㅋㅋㅋㅋ
2024.6.19 10:22,걸,감사합니다
2024.6.19 10:22,걸,이모티콘
2024.6.19 10:22,나,글고 예전에 강남MT때 
2024.6.19 10:22,나,지용형님께 논문 스터디? 한번 받으시지 않았나요?
2024.6.19 10:23,나,저 담학기때 가닥 좀 잡으려고 그런데 저도 나눔좀
2024.6.19 10:25,걸,아맞다 받긴 받았는데
2024.6.19 10:25,걸,기억 1도 안남..
2024.6.19 10:25,걸,ㅋㅋㅋㅋㅋㅋㅋㅋㅋㅋㅋㅋ
2024.6.19 10:25,걸,자료는 없어요..
2024.6.19 10:28,나,혹시 논문 주제 어느과쪽에 가깝게 쓰시지요?
2024.6.19 10:42,걸,그것도 안정했다지요
2024.6.19 10:42,걸,ㅋㅋㅋㅋㅋㅋㅋㅋㅋ..
2024.6.19 10:43,걸,전 아마 배터리?
2024.6.19 10:43,걸,그쪽 생각중이에요!
2024.6.19 11:08,나,넴.. 참고하겠스미다
2024.6.19 11:45,걸,참고요..?
2024.6.19 11:46,걸,써주실건가요?
2024.6.19 11:46,걸,이모티콘
2024.6.19 12:24,나,토픽이 저희과랑 님과랑 중간 느낌이라..
2024.6.19 12:39,나,사진
2024.6.19 12:39,나,유종의 미를 거두어 주시나봅니다;
2024.6.19 12:45,걸,ㅋㅋㅋㅋㅋㅋㅋㅋㅋㅋㅋㅋㅋㅋㅋㅋㅋㅋㅋㅋ
2024.6.19 12:46,걸,이해를 못했읍니다..
2024.6.19 12:50,나,덤벙대서 안 챙길까봐 챙겨주는거였는데
2024.6.19 12:50,나,대환형이랑 얘기했다는말 = 알아서 챙겼겠다~
2024.6.19 12:51,걸,아하
2024.6.19 12:51,걸,ㅋㅋㅋㅋㅋㅋㅋㅋ흠...스마트 지원비 아직 안받아가셨는뎁...
2024.6.19 12:51,걸,대환오빠한테 연락오는건가 머집
2024.6.19 12:51,나,ㅋㅋㅋㅋㅋㅋㅋㅋㅋㅋ 아니 이게 이렇게 아직도 못 받아갈건가
2024.6.19 12:51,나,이해가 안 가지만...
2024.6.19 12:52,나,알아서 한다니까 난 빠지겠움..
2024.6.19 12:52,나,마음쓰면 괜히 스트레스만 더 받음
2024.6.19 12:52,나,귀찮게 해드려 ㅈㅅ여...
2024.6.19 13:11,걸,ㅋㅋㅋㅋㅋㅋㅋㅋㅋㅋㅋㅋㅋㅋㅋㅋㅋㅋㅋㅋㅋㅋ
2024.6.19 13:11,걸,에이 아니에요
2024.6.19 13:11,걸,부럽네요 언니가…
2024.6.19 13:11,걸,이럴게 챙겨주는 사람이 옆에 있어성
2024.6.19 13:17,나,도란처럼 잘해내면 이럴 일두 없지.. 주변에서 보니까 다들 잘 챙겨주는거 같더니만 뭘 또 부러워한데
2024.6.19 13:17,나,월요일 모임 주최자라더니만..??
2024.6.19 13:17,나,나두 힘 닿는대로 도와드림..
2024.6.19 13:50,걸,감사합니다아아아..ㅎㅎ
2024.6.19 13:50,걸,방학때 또 보아요..??!?
2024.6.19 14:08,나,방학때 보면 되지~
2024.6.19 14:09,나,무슨 학기중 아니면 못 보는 병 걸렸어...?
2024.6.19 14:09,나,당장 이번주 토욜에 도서관 가는것도 방학이라니까 마지막 스퍼트 불태우자고 벙개잡은건디
2024.6.19 14:43,걸,ㅋㅋㅋㅋㅋㅋㅋㅋㅋㅋㅋㅋㅋㅋㅋㅋㅋㅋㅋㅋㅋ아웃곀ㅋㅋㅋㅋㅋㅋㅋㅋㅋㅋㅋㅋㅋㅋㅋㅋㅋ
2024.6.19 14:44,걸,아직 안끝낫어요?? 기말고사 ??
2024.6.19 14:49,나,토욜까지 오픈북으로 해서 자필로 제출하는거...
2024.6.19 14:49,나,그냥 토욜에 공부 핑계 시험 핑계로
2024.6.19 14:50,나,맛있는거 먹고 주말이라 뒤집어지자고 약속 잡은거 같은디..
2024.6.19 14:50,나,멤버 대환장
2024.6.19 14:50,나,멤버 안 보여줬나
2024.6.19 14:51,나,사진
2024.6.19 15:01,걸,ㅋㅋㅋㅋㅋㅋㅋㅋㅋㅋㅋㅋㅋㅋㅋㅋㅋㅋㅋㅋㅋㅋㅋㅋ ㅋㅋㅋㅋㅋㅋㅋㅋㅋㅋㅋㅋㅋㅋㅋㅋㅋㅋ ㅋㅋㅋㅋㅋㅋㅋㅋㅋㅋㅋㅋ아
2024.6.19 15:02,걸,재밌는 조합이네요..
2024.6.19 15:02,걸,뒤집어져야죠 진짜
2024.6.19 15:05,나,놀러오셈 열려있음
2024.6.19 15:05,나,잠재적 부전공자잖음
2024.6.19 15:05,나,그나저나 내 학번 좀 귀엽지 않음??
2024.6.19 15:08,걸,ㅋㅋㅋㅋㅋㅋㅋㅋㅋㅋㅋㅋㅋㅋㅋㅋㅋㅋㅋㅋㅋㅋ
2024.6.19 15:08,걸,별게 다 귀여우시네요
2024.6.19 15:08,걸,하고 봤는데
2024.6.19 15:08,걸,진짜 귀엽넼ㅋㅋㅋㅋ
2024.6.19 15:08,걸,2020
2024.6.19 15:08,걸,딱 맞아떨어지는거 좋네요
2024.6.19 15:09,나,게다가 중간에 2345라서
2024.6.19 15:09,나,로그인할때 약간 좀 으쓱함
2024.6.19 15:09,걸,ㅋㅋㅋㅋㅋㅋㅋㅋㅋㅋㅋ
2024.6.19 15:09,나,미디어대학원에서 발표할때 사람들 눈빛에서 꿀 떨어짐
2024.6.19 15:09,걸,ㅋㅋㅋㅋㅋㅋㅋㅋㅋㅋㅋㅋㅋㅋㅋㅋㅋ
2024.6.19 15:09,걸,으쓱하는게 더 귀여운 부분인거같슴다
2024.6.19 15:09,걸,그정돈 아닐듯
2024.6.19 15:09,나,진심 발표할때마다 혈당 스파이크
2024.6.19 15:09,걸,오빠 오바 그만
2024.6.19 15:09,나,죄송😥
2024.6.19 15:10,나,지금 간식 먹고 약간 기분 좋아져서
2024.6.19 15:10,걸,ㅋㅋㅋㅋㅋㅋㅋㅋㅋㅋㅋㅋㅋㅋㅋ
2024.6.19 15:10,걸,좀많이 좋아지신거같아요..
2024.6.19 15:10,걸,아 오후 3시
2024.6.19 15:10,걸,간식타임이죠
2024.6.19 15:10,나,어? 마즘
2024.6.19 15:10,나,어케알았지 우리 15시마다 맨날 당 보충하러 떠도는데
2024.6.19 15:11,나,거의 한 열흘만에 컨디션 좋아져서 기분 좋아짐 헤헤
2024.6.19 15:11,나,컨디션 좋아지고 기분도 좋아져서
2024.6.19 15:12,나,오늘 출근하는 전철 4호선에서 무려
2024.6.19 15:12,나,노자의 도덕경 관련 책을 읽는 지적허영심 좀 부림 ㅎ;
2024.6.19 15:12,걸,ㅋㅋㅋㅋㅋㅋ3시가 딱 땅떨어지는 시간이죠 크크
2024.6.19 15:12,걸,아 ㅋㅋㅋㅋㅋㅋㅋㅋㅋㅋㅋㅋㅋㅋㅋㅋㅋㅋㅋ
2024.6.19 15:12,나,이건 비밀로 해주셈
2024.6.19 15:12,걸,ㅋㅋㅋㅋㅋㅋㅋㅋㅋㅋㅋㅋㅋㅋ멋있어요..^^
2024.6.19 15:12,걸,누구한테요?
2024.6.19 15:12,걸,왜 비밀이에요 ??
2024.6.19 15:12,나,그냥... 주변에 지적허영심
2024.6.19 15:12,나,드러나는거 좀 부끄럽네..
2024.6.19 15:12,걸,ㅋㅋㅋㅋㅋㅋㅋㅋㅋㅋㅋㅋㅋㅋㅋ
2024.6.19 15:12,걸,근데 의외시네요..
2024.6.19 15:12,나,..?
2024.6.19 15:13,걸,근데 오빠 가끔 말할때 논리적인 느낌 났어요
2024.6.19 15:13,나,어제 강제로 술잔들고 선창하면서
2024.6.19 15:13,걸,장난만 치는줄알았는데
2024.6.19 15:13,걸,생각이 깊으시군
2024.6.19 15:13,걸,했어요
2024.6.19 15:13,걸,ㅋㅋㅋㅋㅋㅋㅋㅋㅋㅋㅋㅋㅋㅋㅋㅋㅋㅋㅋFM 하셨나요
2024.6.19 15:13,나,앞으로 학교분들께도 마음을 여는 내가 되겠다고 20명 앞에서 다짐함
2024.6.19 15:13,걸,ㅋㅋㅋㅋㅋㅋㅋㅋㅋㅋ마음을 닫고 계셨나요?
2024.6.19 15:13,나,정확히는 딱히 열지 않았다가 맞지..
2024.6.19 15:14,나,작년에 세미나 발표한다고 남들 1번 발표할때 한학기동안 열몇번 발표해봐 정이 드나
2024.6.19 15:14,나,주임 교수님에게 우리 인연~ 소중하고~ 외침
2024.6.19 15:14,나,으쓱했네 또
2024.6.19 15:19,걸,ㅋㅋㅋㅋㅋㅋㅋㅋㅋㅋㅋㅋㅋㅋㅋㅋㅋㅋㅋㅋㅋㅋㅋㅋㅋㅋㅋ 
2024.6.19 15:19,걸,앜ㅋㅋㅋㅋㅋㅋㅋㅋㅋㅋㅋㅋㅋㅋㅋㅋㅋ 
2024.6.19 15:19,걸,그래도 남은학기는 열린 마음으로~~
2024.6.19 15:23,나,"선물과 메시지를 보냈습니다.
지금 확인해 보세요!"
2024.6.19 15:24,나,비밀유지값임
2024.6.19 15:43,걸,ㅋㅋㅋㅋㅋㅋㅋㅋㅋㅋㅋㅋㅋㅋㅋㅋㅋㅋㅋ
2024.6.19 15:43,걸,알겠습니다.
2024.6.19 15:43,걸,이모티콘
2024.8.7 21:08,걸,"[네이버 지도]
자리돔횟집
제주 서귀포시 동홍동로 7 자리돔횟집
https://naver.me/xl0WWAYF"
2024.8.7 21:08,걸,"[네이버 지도]
흑돼지짜투리구이식당
제주 서귀포시 천지로 42 흑돼지자투리구이식당
https://naver.me/F42NN1TW"
2024.8.7 21:09,걸,"[네이버 지도]
봉순이네흑돼지 제주신화월드본점
제주 서귀포시 대정읍 영어도시로 64 1층
https://naver.me/5qDRRm3E"
2024.8.7 21:09,걸,"[네이버 지도]
우진해장국
제주 제주시 서사로 11
https://naver.me/FO9vv1aM"
2024.8.7 21:09,걸,제주도는 이정도??
2024.8.7 21:10,나,ㅁㅊ 나 신화월드로 가는데 제주신화월드본점이네
2024.8.7 21:11,나,바로 저장
2024.8.7 21:13,나,아 글고 나 뭐야 수강신청 전이나 정정기간에 만나게 되면 물어볼라고 한거 있었는데
2024.8.7 21:13,나,논문 쓰는거 우리과쪽 안 쓴다 그랬는지 모르겠는데 여튼 기수별로 정리해놓은거 있어서 필요하면 전달줄라함
2024.8.7 21:14,걸,헐
2024.8.7 21:14,걸,ㅠㅠ
2024.8.7 21:14,걸,"저야 주시면 완죠니 감사하죠,,"
2024.8.7 21:14,걸,"한번도 안써봐서,,"
2024.8.7 21:14,걸,아직 주제 못정했어요ㅠㅠ
2024.8.7 21:17,나,"아 오케 어차피 일단 우리과 교수님들 1기부터 통과시킨 히스토리랑 양식, 주제 참고용으로 정리해놓은거라"
2024.8.7 21:17,나,보내줘야겠네 그럼
2024.8.7 21:17,나,파일: 졸업선배 논문.zip
2024.8.7 21:18,나,참고해~ 전 기수 인원이 다 있는건 아니라서… 수료생도 있기 때문에 당장 며칠전 시점에 구할 수 있는 최선이야
2024.8.8 8:30,걸,허걱 ㅠㅠ 감사합니다 ㅠㅜㅠㅜ
2024.8.8 8:31,걸,"어제 13:1로 져서 폭풍음주로 스트레스 푸느라 이제 봤네여^^,,껄껄"
2024.8.8 8:31,걸,이모티콘
2024.8.8 8:33,걸,잠깐잠깐 봤는데 사례연구도 통과가 가능하네요/?!?
2024.8.8 8:41,나,맞아.. 사람들 생각도 다 거기서 거기고.. 시간순으로 교수님들이 어떤 관점으로 통과시켜주셨는지 파악 가능
2024.8.8 8:42,걸,아하
2024.8.8 8:42,걸,다 읽어봐야겠다 ㅠ
2024.8.8 8:44,나,계속 업뎃할거라 나중에 뒤에꺼도 보내줄게 😪
2024.8.8 8:45,걸,네에에에엥 감사합니다!
2024.8.8 8:59,나,바빠지기 전에 1개만 골라줄래?
2024.8.8 9:00,나,"바캉스 ㄱㄱ하는데 코로나 이슈, 주말 특근 이슈, 출산 이슈로 5-3=2명이 가는데 파토낸다 만다
1 ㅇㅇ
2 ㄴㄴ"
2024.8.8 9:00,나,ㅋㅋ 열뻗치네
2024.8.8 9:07,걸,헐
2024.8.8 9:07,걸,..
2024.8.8 9:07,걸,짜게식..
2024.8.8 9:07,걸,파토낸다..
2024.8.8 9:07,걸,이모티콘
2024.8.8 9:08,나,거를 타선이 없어서 화도 못 내겠네 🤤
2024.8.8 9:09,나,넋두리 해봤어 ㅎㅎㅎ 말 나온김에
2024.8.8 9:12,걸,그니까요...
2024.8.8 9:12,걸,이슈들이 다...
2024.8.8 9:14,나,낼 연차도 내놨는데😵‍💫
2024.8.8 9:15,나,어젯밤에 ㅎㅎㅎㅎㅎㅎㅎ 진지하게 논의해야겠다
2024.8.8 9:33,걸,허걱 ㅠㅠ
2024.8.8 9:33,걸,어떤걸 논의해요??
2024.8.8 9:36,나,"속초여행 ㅎㅎㅎㅎ.....,,... 숙소도 빌려준다고 해서 가는건데 주말까지껴서 ㅎㅎ...."
2024.8.8 9:37,나,무슨마음인지 공감되네
2024.8.8 9:40,걸,아아아 파토낼지말지
2024.8.8 9:40,걸,허어어어얼 ㅠㅠㅠ
2024.8.8 9:40,걸,다른 멤버라도 섭외못하나용 ㅠㅠ
2024.8.8 9:41,걸,ㅋㅋㅋㅋㅋㅋㅋㅋㅋㅋㅋㅋㅋㅋㅋㅋㅋㅋㅋㅋㅋㅋ ^^후..
2024.8.8 9:41,걸,근데 져도 상관없는데 김도영 홈런을 못봐서
2024.8.8 9:41,걸,오늘 또가랴고요!^^
2024.8.8 9:43,나,너 무슨 시즌권 회원이니..?
2024.8.8 9:43,나,나도 오늘 퇴근찍고 야구보러갈거야 ㅎㅎ
2024.8.8 9:44,나,김도영이 혹시 무슨 동창?
2024.8.8 9:53,걸,ㅋㅋㅋㅋㅋㅋㅋㅋㅋㅋㅋㅋㅋㅋ
2024.8.8 9:53,걸,아니요ㅠㅋㅋㅋㅋㅋㅋㅋㅋㅋ
2024.8.8 9:54,걸,아웃곀ㅋㅋㅋㅋㅋ
2024.8.8 9:54,나,"1. 시즌권 회원
2. 김도영 동창
뭐가 아니라는겨"
2024.8.8 9:54,걸,둘다 아니에요
2024.8.8 9:54,걸,ㅋㅋㅋㅋㅋㅋㅋㅋㅋㅋㅋㅋㅋㅋㅋㅋㅋㅋㅋㅋㅋㅋㅋㅋ
2024.8.8 9:55,걸,동창이겠냐고요ㅠ
2024.8.8 9:56,나,동창일수도 있지 아님 동문이거나..?! 기아선수자냐
2024.8.8 9:56,나,세상 좁아 몰라~ 
2024.8.8 10:14,걸,ㅋㅋㅋㅋㅋㅋㅋㅋㅋㅋㅋㅋㅋㅋㅋㅋㅋㅋㅋㅋㅋㅋㅋㅋ
2024.8.8 10:14,걸,전..초등학교까지만 광주에서 다녀셔..
2024.8.8 10:14,걸,오빠 오늘 뒷풀이 오시나요?
2024.8.8 10:14,걸,라고 물어보려다가
2024.8.8 10:14,걸,야구본다는거 생각나부림
2024.8.8 10:14,걸,ㅋㅋㅋㅋㅋ
2024.8.8 10:15,나,우리과 3명 입학했다고 해서 보러 갈라고 했는데...
2024.8.8 10:15,나,오늘 야구보러 가기로 했는데...
2024.8.8 10:15,나,티케팅 담당한 애가 아직도 티케팅 안했다네
2024.8.8 10:16,나,ㅎㅎㅎㅎㅎㅎㅎㅎㅎㅎㅎ 다들 무슨 하나같이 약속했나봄~
2024.8.8 10:33,걸,아
2024.8.8 10:33,걸,ㅋㅋㅋㅋㅋㅋㅋㅋㅋㅋㅋㅋㅋㅋㅋㅋㅋㅋㅋㅋㅋㅋ 
2024.8.8 10:33,걸,오빠..그릇이 넓으시네요
2024.8.8 10:33,걸,이런 세상을 이해하고 살아간다니
2024.8.8 10:35,나,세상이 날 억까해도 버텨야지~ 이미 이런 인생 지금까지 살아왔는걸 
2024.8.8 10:35,나,ㅋㅋ.. 너는 뒷풀이 가니?
2024.8.8 10:36,나,오늘 야구 본다며.. 야구 보고 뒷풀이 ㄱㄱ..?
2024.8.8 10:37,걸,저 광주자나욧!
2024.8.8 10:37,걸,ㅋㅋㅋㅋㅋ
2024.8.8 10:37,걸,저도 가고싶은데 못가는거라고요오ㅠ
2024.8.8 10:38,나,아니 나는... 잘 모르겠다 너야말로 무슨 홍길동이야
2024.8.8 10:38,나,어떨땐 인천이라더니 어떨땐 광주라더니
2024.8.8 10:38,나,초등학교때까지만 광주 살았다느니
2024.8.8 10:38,나,저번에 무슨 해외에서 지내다 왔다느니
2024.8.8 10:38,걸,ㅋㅋㅋㅋㅋㅋㅋㅋㅋㅋㅋㅋㅋㅋㅋㅋㅋㅋㅋㅋㅋ 아ㅠ
2024.8.8 10:38,걸,주중에는 광주에서 일하구
2024.8.8 10:38,나,솔직히 한국인 맞니?
2024.8.8 10:39,걸,금토일 인천!!
2024.8.8 10:39,걸,개강하면 월화까지 인천!!
2024.8.8 10:39,나,금토일월화 인천
2024.8.8 10:39,나,특이하네
2024.8.8 10:39,나,수목 광주
2024.8.8 10:40,나,..? 뭔가 특이한 구성이긴 하다만 하프 광주 하프 인천이란거잖아
2024.8.8 10:40,걸,그쵸그쵸
2024.8.8 10:40,걸,ㅋㅋㅋㅋㅋㅋㅋㅋㅋㅋㅋㅋㅋㅋㅋㅋㅋㅋㅋ 
2024.8.8 10:40,걸,그래도 기아!!!!!!!!
2024.8.8 10:40,나,빚고을v.s.마계
2024.8.8 10:40,걸,ㅋㅋㅋㅋㅋㅋㅋㅋㅋㅋㅋㅋㅋㅋㅋㅋㅋㅋㅋㅋ 
2024.8.8 10:40,걸,빛고을.
2024.8.8 10:41,나,좀 그렇네
2024.8.8 10:41,나,빛고을에서 초등학굗ㄷ때 까지 살았따면서
2024.8.8 10:41,나,정작 인천은 저버리고
2024.8.8 10:42,나,근데 학기 지나면 목요일에도 개설되는 수업 있지 않은가?
2024.8.8 10:42,걸,휴 다행히 없더라고요
2024.8.8 10:42,걸,안그랫으면 주 3회 서울올뻔;;
2024.8.8 10:42,나,아 우리 과만 그렇구나 ㅎㅎ
2024.8.8 10:42,나,개열받네
2024.8.8 10:42,걸,ㅋㅋㅋㅋㅋㅋㅋㅋㅋㅋㅋㅋㅋㅋㅋㅋㅋㅋ 
2024.8.8 10:43,걸,휴
2024.8.8 10:43,걸,나도 서울 취직하고싶다
2024.8.8 10:43,나,다행히 이번학기 시스템시뮬레이션이
2024.8.8 10:43,걸,어디 없나요 
2024.8.8 10:43,나,화욜로 바껴서 
2024.8.8 10:43,걸,갈만한곳
2024.8.8 10:43,걸,오오
2024.8.8 10:43,걸,좋네요
2024.8.8 10:43,나,난 어차피 이번 시간표 화목..?언저리?
2024.8.8 10:43,나,난 다 때려치고 백수생활할라고 회사 못 다니겠다
2024.8.8 10:43,걸,아하아하
2024.8.8 10:43,걸,ㅋㅋㅋㅋㅋㅋㅋㅋㅋㅋㅋㅋㅋㅋㅋㅋㅋㅋ 
2024.8.8 10:43,걸,왜요ㅠ
2024.8.8 10:44,나,사실 가능하다면 박사코스로 ..;;
2024.8.8 10:44,나,나도 걍 순천에서 일하면 부모님이랑 살텐데 
2024.8.8 10:44,나,괜히 서울 나와서 성인되자마자
2024.8.8 10:44,나,인생 개고생쌉고생만 하고 현타 개옴
2024.8.8 10:45,나,까지만 넋두리함 ㅎㅎㅎㅎㅎ
2024.8.8 10:45,나,지금 오늘 야구부터 바캉스까지 현타 개와서 하소연한거야 ㅎ...
2024.8.8 10:45,나,여기까지만 함
2024.8.8 10:46,걸,ㅠㅠㅠㅠㅠㅜㅠㅜㅜㅠ담에 함 술머거요
2024.8.8 10:46,걸,인생에 대해 논해보자고요..
2024.8.8 10:46,걸,일단 하나하나 차근차근 해결해보자고요!!
2024.8.8 10:48,나,어른이네 껄껄
2024.8.8 10:54,걸,ㅋㅋㅋㅋㅋㅋㅋㅋㅋㅋ
2024.8.8 10:55,걸,칭찬이죠?
2024.8.8 11:03,나,칭찬이여
2024.8.8 11:04,나,나 너나이땐 망나니였는데 완전 어른같네
2024.8.8 11:04,나,ㅋㅋㅋㅋㅋㅋㅋㅋㅋㅌㅌㅌㅌㅌㅋㅋㅋㅋ
2024.8.8 11:17,걸,엥 저도 망나니에요^~^
2024.8.8 11:17,걸,ㅋㅋㅋㅋㅋㅋㅋㅋㅋㅋㅋㅋㅋㅋㅋㅋㅋㅋㅋ
2024.8.8 11:21,나,몇살이니?
2024.8.8 11:30,걸,27살임돠..
2024.8.8 11:44,나,맞네 그럼
2024.8.8 11:44,나,점심 맛있게 먹어 망나니야
2024.8.8 11:53,걸,ㅋㅋㅋㅋㅋㅋㅋㅋㅋㅋㅋㅋㅋㅋㅋㅋㅋㅋㅋ
2024.8.8 11:54,걸,오빠도요◡̈
2024.8.13 14:03,나,혹시 월78 컴퓨터비전 선배들한테 들은 팁 없니?
2024.8.13 14:37,걸,그거  처음생긴 과목이라던데
2024.8.13 14:37,걸,오빠 듣게요???
2024.8.13 14:41,나,지금 플랜 세우는중이라
2024.8.13 14:42,나,사진
2024.8.13 14:42,나,사진
2024.8.13 14:42,나,팁좀 주겟ㅅㅅ니
2024.8.13 14:47,걸,병요형님은 뭐에요?
2024.8.13 14:47,걸,병요형님이 듣자고 하신거에요?
2024.8.13 14:47,걸,ㅋㅋㅋㅋㅋㅋㅋㅋㅋㅋㅋ
2024.8.13 14:50,걸,꿀잼이슈는 재밌다는건가
2024.8.13 14:52,걸,헐헐 오빠 미디어 수업 어때요? 들을만 한가요??
2024.8.13 14:52,걸,영상엔터테인먼트 들으셨넴
2024.8.13 14:52,나,병요형님 들으니 믿고 고
2024.8.13 14:52,나,재밌다는 이슈
2024.8.13 14:52,나,솔직히 좀 별론데
2024.8.13 14:52,나,A+받음
2024.8.13 14:53,걸,오오오
2024.8.13 14:53,걸,대박적
2024.8.13 14:53,걸,오빠가 열심히 햇나보넹
2024.8.13 14:53,나,나름 분석적 사고 발휘함
2024.8.13 14:54,걸,오빠 디자인프로세스프로그래밍
2024.8.13 14:54,걸,이거 산디 쉅이죠
2024.8.13 14:54,걸,재밌대요?
2024.8.13 14:55,나,그거 아직 몰라서 고민중야..
2024.8.13 14:55,걸,꿀잼이슈라매요..
2024.8.13 14:55,나,실라버스상 꿀잼이슈야
2024.8.13 14:55,걸,물어봤는데 내용 어렵대용 ㅠ
2024.8.13 14:55,걸,근데 교수님이 달라서 잘 모르겠대요
2024.8.13 14:55,나,opencv로 하는건가
2024.8.13 14:55,걸,코딩은 아니라는뎅
2024.8.13 14:55,나,궁금하네; 맛보기를 볼 수 없으니
2024.8.13 14:56,걸,이미지 처리에 대한 원론적인 내용을 배운다는데
2024.8.13 14:56,나,그럼 행렬 조지겠네
2024.8.13 14:56,나,ㅋㅋㅋㅋㅋㅋㅋㅋ 행렬은 이미 우리과로도 충분함
2024.8.13 14:56,나,너 담학기 우리과거 뭐둘어?
2024.8.13 14:56,나,중요한 이슈 발생
2024.8.13 14:57,걸,저 아직 아무것도 안정했는뎁쇼
2024.8.13 14:57,걸,스마트 쉅 어떤지도 몰라요
2024.8.13 14:58,걸,ㅋㅋㅋㅋㅋㅋ
2024.8.13 14:58,걸,근데 이번에 미디어 들어볼까 잠시 고민중
2024.8.13 15:12,나,아 우리과 수업 듣길래 말해준거
2024.8.13 15:13,나,그 제조세미나2가 갑자기
2024.8.13 15:13,나,통계적 공정관리인가 그걸로 개론수업하는걸로 세미나수업을 변경했다해서 알고 있나했지
2024.8.13 15:32,걸,?
2024.8.13 15:32,걸,처음듣는데..?
2024.8.13 15:32,걸,ㅋㅋㅋㅋㅋㅋㅋㅋㅋㅋ
2024.8.13 15:32,걸,알려주셔서 감사합니다앙
2024.8.13 15:38,나,이번에 우리과 수업 안 듣는구나?
2024.8.13 15:39,나,어차피 근데 알 길이 없었긴함
2024.8.13 15:41,나,알길이 있긴함; 학습계획표
2024.8.13 15:48,나,"기초공통 '세계화와세계시민', '산업혁명과인문학' 이거 들어봤어?"
2024.8.13 17:42,걸,이렁거 안읽는 사람?? 저요..
2024.8.13 17:42,걸,"이제 읽어야겠다^^,,"
2024.8.13 17:43,걸,아니용????
2024.8.13 17:43,걸,근데 인문학 개꿀이래요
2024.8.13 17:43,걸,애들보니까 비대면으로 하다가 한 3-4주 가고 종강하던디
2024.8.13 17:43,걸,ㅋㅋㅋㅋㅋㅋㅋㅋㅋㅋㅋㅋㅋㅋㅋㅋㅋㅋ 
2024.8.13 17:43,나,나 뭔가 글로벌하게 살고 싶어서 
2024.8.13 17:43,나,세계화와세계시민인가 들을라고 고집부렸는데
2024.8.13 17:43,나,산업혁명 어찌고 살려야 하는 각인가
2024.8.13 17:44,걸,ㅋㅋㅋㅋㅋㅋㅋㅋㅋㅋㅋㅋㅋㅋㅋㅋㅋㅋㅋㅋ 
2024.8.13 17:44,걸,세계화도 꿀이랫긴햇는데???
2024.8.13 17:44,걸,오빠가 듣고픈거 들어용
2024.8.13 17:44,걸,저 고민하다가 걍 듣고픙거 들을라고용
2024.8.13 17:44,나,아 둘다 꿀이란 말인가
2024.8.13 17:44,걸,네넹
2024.8.13 17:45,나,나 지금 졸업요건 맞추기 빡세서
2024.8.13 17:45,나,빌드업 빡세게 하는중이라..
2024.8.13 17:45,나,1학기때 기초공통을 들었어야 했는데..
2024.8.13 17:45,걸,헐 빡세요??
2024.8.13 17:45,걸,왜요???
2024.8.13 17:45,걸,헐 왜요????
2024.8.13 17:45,나,지금까지 히스토리 기준으로
2024.8.13 17:45,나,전공과목 하나가 아직 개설이 안되서
2024.8.13 17:45,걸,쉬운거니까 오히려 나중에 듣는게 낫지않아요?
2024.8.13 17:45,나,졸업요건 18학점이 완성이 안되네 아직까진
2024.8.13 17:45,걸,네넹
2024.8.13 17:45,걸,아 헐
2024.8.13 17:45,걸,..
2024.8.13 17:46,걸,이모티콘
2024.8.13 17:46,나,괜히 엑셀에 작성해서 검사하고 난리치는게 아님..
2024.8.13 17:46,나,그래서 온갖 과목들 다 재보고 들어야되는 상황이라..
2024.8.13 17:46,걸,전공 1과목 남앗어요?
2024.8.13 17:46,걸,아하..
2024.8.13 17:46,나,4학기에 우리과 제조세미나 1이랑 빅데이터분석을 들어야 졸업가능 ㅎ...
2024.8.13 17:46,나,이번학기에 시뮬레이션 듣고
2024.8.13 17:46,나,빅데이터분석이 그동안 없었어서..
2024.8.13 17:47,나,혹시 이번에 제조세미나2 들으면 말좀 해줄래?
2024.8.13 18:36,걸,어후..전공을 4학기에도 들으신다니..
2024.8.13 18:37,걸,들어보고 어떤지 알려달라구요?ㅋㅋㅋㅋㅋ 
2024.8.13 18:41,나,아 아니 듣게되면 어차피 SPC 할건데
2024.8.13 18:41,나,난 첫학기때 제조세미나 2 들었거든... 근데 중요한거 알려주시는거 같은데 하필 딱 못 듣는 상황이니까 ㅋㅋ.....
2024.8.13 20:01,걸,아아아
2024.8.13 20:01,걸,아아아
2024.8.13 20:01,걸,SPC수업 듣게되면 알려달라는거죠??
2024.8.13 20:01,걸,알겠슙니덩~~~~
2024.8.13 21:10,걸,오빠 ㅋㅋㅋㅋㅋㅋㅋㅋㅋㅋㅋㅋㅋㅋㅋ 엠티 가시네요!!!
2024.8.13 21:10,걸,이모티콘
2024.8.13 21:18,나,ㅋㅋㅌㅌㅌㅌㅌㅌㅋㅋㅋㅋㅋㅋㅋㅋㅋㅋㅋㅋㅋㅋㅋㅋㅋ
2024.8.13 21:19,나,사진
2024.8.13 21:19,나,……
2024.8.13 21:20,걸,아
2024.8.13 21:20,걸,ㅋㅋㅋㅋㅋㅋㅋㅋㅋㅋㅋㅋㅋㅋㅋㅋㅋㅋㅋㅋㅋㅋㅋㅋㅋㅋㅋㅋㅋㅋㅋㅋㅋㅋㅋ 
2024.8.13 21:20,걸,특히 ㅋㅋㅋㅋㅋㅋㅋㅋㅋㅋㅋㅋㅋㅋㅋㅋㅋㅋㅋㅋㅋㅋㅋㅋㅋㅋㅋㅋㅋㅋㅋㅋㅋ 
2024.8.13 21:20,걸,단톡에 박제당하셨군요
2024.8.13 21:23,나,입금도 해야되고 그치..?
2024.8.13 21:23,걸,그..쳐..ㅋㅋㅋㅋㅋㅋㅋㅋㅋㅋㅋㅋㅋㅋㅋ
2024.8.13 21:24,나,보내줄게
2024.8.13 21:24,나,장소는 어디람
2024.8.13 21:32,걸,"안녕하세요!! 신입생 MT에 함께하시는 모든 원우님들을 환영합니다😊💛

1️⃣일시 : 8/24-25 (토-일) 오후 3시부터 시작예정

2️⃣장소 : 서울 마포구 와우산로19길 21 삼진빌딩 5층 미드나잇파티룸 2호점
https://naver.me/FFGvk2KQ

3️⃣회비 : 5만원"
2024.8.13 21:32,걸,여기..
2024.8.13 21:32,걸,홍대 안멀어요?
2024.8.13 21:33,나,나 집에서 홍대...?
2024.8.13 21:33,나,뭐 금방가지
2024.8.13 21:33,나,어 여기 나 예전에 자주가던 바 근처네
2024.8.13 21:33,걸,오홍 좋네용
2024.8.13 21:34,나,어딘지 알겠다
2024.8.13 21:39,나,더 자세한 내용은 앱에서 확인해주세요!
2024.8.13 22:10,걸,ㅋㅋㅋㅋㅋㅋㅋㅋㅋㅋㅋㅋㅋㅋㅋㅋㅋㅋㅋㅋㅋㅋㅋㅋㅋ 
2024.8.13 22:11,걸,친절하게 알림까지
2024.8.13 22:11,걸,감사합니다
2024.8.13 22:11,걸,이모티콘
2024.8.13 22:36,나,이걸 가게 되다니..
2024.8.16 13:09,걸,오빠 미디어대학원 수업 들어보셨댔죠?
2024.8.16 13:09,걸,학점교류 수강신청 메일로 보냈는데
2024.8.16 13:09,걸,교수님이 답장이 없네요 ㅠ
2024.8.16 13:09,걸,거절인건가요..
2024.8.16 13:10,나,수강마지막날까지 기다려봐야지..
2024.8.16 13:10,나,나도 그때까지 답장 못 받은 케이스도 있었음
2024.8.16 13:10,걸,허걱
2024.8.16 13:10,걸,그러면 못듣는거죠?
2024.8.16 13:11,나,답장 못 받은거 못 듣고 다른 미뎌꺼 들었었지
2024.8.16 13:14,걸,후엥..
2024.8.16 13:14,걸,알겠숩니다..
2024.8.16 13:16,나,응~
2024.8.19 14:47,나,도란..
2024.8.19 14:47,나,혹시 너네 이동통신공학
2024.8.19 14:47,나,후기가 어때..?
2024.8.19 14:50,걸,그거 들은 선배가 없어서
2024.8.19 14:50,걸,저도 도전으로 해봅니다..
2024.8.19 14:51,나,컴퓨터비전도 그렇고 이번에 도전정신 가득하네..
2024.8.19 14:51,나,스트레스 너무받는다~
2024.8.19 14:56,걸,ㅋㅋㅋㅋㅋㅋㅋㅋㅋㅋㅋㅋㅋㅋㅋㅋㅋㅋ 
2024.8.19 14:56,걸,컴퓨터비전 손절했어요 ㅎ
2024.8.19 14:57,나,전전컴은 전공 손절해도 다른 과목 개설된게 많아서 문제없지...??
2024.8.19 14:57,나,아 글고 말해줄거 있는데 저번에 SPC 관련 제조세미나2 얘기한거
2024.8.19 14:57,나,내년에 관련 과목 추가로 개설하신다고 해 교수님이(워크숍 정보임)
2024.8.19 15:06,걸,오오
2024.8.19 15:06,걸,내년에 들으면 되겠당
2024.8.19 15:06,걸,아뇨 ㅠ 저희도 딱 4개열려요ㅠㅠ
2024.8.19 15:06,걸,건사환이 개설이 많이 되더라고요..
2024.8.19 15:07,나,거기도 빡빡하구나?
2024.8.19 15:07,나,지금 시간표때문에 난리나서
2024.8.19 15:07,나,최악의 악으로 가면 결국 목욜에 건사환꺼 들어야 되서
2024.8.19 15:07,나,지금 교수님들한테 이메일 돌리고 난리야
2024.8.19 15:15,걸,헐
2024.8.19 15:15,걸,너무 악인데요?
2024.8.19 15:15,걸,왜요왜요???
2024.8.19 15:15,걸,스마트 목욜수업때무네요??
2024.8.19 15:16,나,18학점 채우고 졸업 못하는 상황이라 지금 ㅎㅎㅎ... 우리 기수랑 윗 기수가 다음 학기 개설 과목에 영향받는 상황이거든...
2024.8.19 15:16,나,또 미뎌대학원 들을라고 이메일 2번째 보냈어 1번째꺼 입구컷당해서
2024.8.19 15:17,나,아예 기초공통 풀로 때리고
2024.8.19 15:17,나,컴터비전으로 기초공통 때울까 했는데 도전이래서 보류했고..
2024.8.19 15:30,걸,머머 보냈어요??
2024.8.19 15:30,걸,저 뉴미디어광고와기획?
2024.8.19 15:30,걸,그거 듣고 싶었는데 답장없고..
2024.8.19 15:31,나,나도 이거 했어..
2024.8.19 15:31,나,이 사람 저번학기에도 연락없었어 짜증나
2024.8.19 15:31,나,카카오 이사회 ESG 사외이사거든
2024.8.19 15:32,나,괜찮다고 저번학기에 미뎌대학원 미지의 원우에게 꿀팁 들었는데 짤림
2024.8.19 15:32,나,연구실 전화해도 안 받음
2024.8.19 15:32,나,안될거 생각은 하지만 좀 속상하네
2024.8.19 15:33,나,"입구컷 당한건 ""논문작성법"""
2024.8.19 15:38,걸,헐미쳤다 개멋있당
2024.8.19 15:38,걸,ㅠㅜㅠㅜㅠㅜㅠ...
2024.8.19 15:38,걸,저도 메일 한번 더 보내볼까 고민...
2024.8.19 15:38,걸,ㅠㅜㅠㅜㅠㅜㅠㅜㅠㅜㅠ
2024.8.19 15:42,나,화910이 지금 개판이라... 무조건 미뎌 갈 수 밖에 없는듯... 아님 목욜 건사환이야 무조건
2024.8.19 15:42,나,최세정 << 이 교수님 절대 답장 안함 
2024.8.19 15:42,나,메일 한두개 받겠어
2024.8.19 15:42,나,정 안되면 영상엔터특강이라도 듣던가 해야겠따
2024.8.19 15:47,걸,ㅠㅠㅠㅠㅠㅠ그럼 못듣는게 확정인건가ㅠ
2024.8.19 15:48,걸,헐 저도 이것도 생각했는데
2024.8.19 15:48,나,약간 깔고 가야돼
2024.8.19 15:49,나,나 저번학기 영상엔터테인먼트산업론 들어서 비슷할거 같아서 최후의 보루임
2024.8.19 15:58,걸,ㅠㅠㅠ..•͈_•͈.
2024.8.19 15:58,걸,아아 글쿠낭
2024.8.19 15:58,걸,점수는 잘 주시나요?
2024.8.19 16:00,나,약간 정신적 데미지를 견디긴 해야하는데... 교수님한테 공학대학원 멀리서 다리 다쳤음에도 열심히 들은 건실한 청년 이미지 쌓아서 A+받음
2024.8.19 16:00,나,나빼고 공학대학원 교차한애들 다 A0받긴함
2024.8.19 16:00,나,매 수업마다 질문 나한테 하시고
2024.8.19 16:14,걸,아
2024.8.19 16:14,걸,ㅋㅋㅋㅋㅋㅋㅋㅋㅋㅋㅋㅋㅋㅋㅋㅋㅋㅋㅋㅋㅋㅋㅋㅋㅋㅋㅋㅋㅋㅋㅋㅋㅋㅋㅋㅋ
2024.8.19 16:14,걸,오빠가 교수님 픽이 되었군요
2024.8.19 16:14,걸,이모티콘
2024.8.19 16:15,나,혹시 필요하면 산업론 과제한거 보내줄게~
2024.8.19 16:15,나,허접한데 그래도 가닥잡긴 괜찬흥ㄹ듯
2024.8.19 16:54,걸,오오
2024.8.19 16:54,걸,죠아용
2024.8.19 16:54,걸,이모티콘
2024.8.19 17:06,나,어차피 비루해서 도움도 안뎌
2024.8.19 17:21,걸,ㅋㅋㅋㅋㅋㅋㅋㅋㅋㅋㅋㅋㅋㅋㅋㅋㅋ
2024.8.20 10:00,나,도란~ 너 최세정교수 답장 못 받았찌
2024.8.20 10:01,나,사진
2024.8.20 10:02,나,난 첫 거절 당한 교수한테 답장까지 한 것도 읽었는데 안읽씹당함 2학기째
2024.8.20 10:33,걸,우에에엥..
2024.8.20 10:33,걸,마자요 저도 아직 답장 못받았어요...
2024.8.20 10:34,걸,ㅋㅋㅋㅋㅋㅋㅋㅋㅋㅋㅋ근데 보니까 신청자가 28명이더라고요..
2024.8.20 10:34,걸,답장왔어도 거절답장 왔을거같아요..ㅎ
2024.8.20 10:53,나,역시... 너두 안 왔구나?
2024.8.20 10:53,나,그래서 난 발빠르게 이헌율 교수님한테 바로 이멜보냄
2024.8.21 12:49,나,혹시 너 미뎌대학원 행정실 황지원씨랑 통화했니?
2024.8.21 12:49,걸,엥 ????
2024.8.21 12:49,걸,ㅋㅋㅋㅋㅋㅋㅋㅋㅋㅋㅋㅋㅋㅋㅋㅋ 아니여ㅜㅋㅋㅋㅋ
2024.8.21 12:49,나,jwhwang_@korea.ac.kr
2024.8.21 12:49,걸,왜요 ???
2024.8.21 12:50,나,아 너 아니구나
2024.8.21 12:50,나,나 그분이랑 통화해서
2024.8.21 12:50,나,교수님 해외출장중인데
2024.8.21 12:50,걸,넹
2024.8.21 12:50,걸,헐
2024.8.21 12:50,걸,헐
2024.8.21 12:50,걸,네네
2024.8.21 12:50,나,이멜 읽게해달라고 전달해달라고 했는데
2024.8.21 12:50,나,방금 보니까 점심먹고 오니까 읽으셨네 
2024.8.21 12:50,나,11:37
2024.8.21 12:50,걸,헐..°ㅁ°
2024.8.21 12:50,나,누가 나보다 먼저 전화했다고 해서
2024.8.21 12:50,걸,최세정이요????
2024.8.21 12:50,나,아 최세정 이사람은 기대도 안하고
2024.8.21 12:50,걸,전 아니에요..
2024.8.21 12:50,걸,아아
2024.8.21 12:50,나,난 이헌율 교수라고
2024.8.21 12:50,걸,ㅋㅋㅋㅋㅋㅋㅋㅋㅋㅋㅋㅋㅋㅋㅋㅋㅋㅋㅋ
2024.8.21 12:51,나,좀 디테일하게 찝어서 보냈어
2024.8.21 12:51,걸,와..오빠 의지가
2024.8.21 12:51,나,2번 거절당한 상태라고
2024.8.21 12:51,걸,👍
2024.8.21 12:51,걸,대단..
2024.8.21 12:51,걸,그와중에 먼저 전화한사람ㅋㅋㅋㅋ
2024.8.21 12:51,나,사진
2024.8.21 12:51,걸,최세정도 읽으라고 정달해달라하면 안되나요?
2024.8.21 12:51,나,근데 최세정 교수껀 난 바로 포기한게
2024.8.21 12:51,나,수강인원 정원 다차서 우린 안될걸..
2024.8.21 12:51,걸,옼ㅋㅋㅋㅋㅋㅋㅋㅋㅋㅋㅋㅋㅋㅋㅋㅋㅋㅋㅋㅋㅋ 대단하당..
2024.8.21 12:51,걸,그쳐ㅠㅠㅜㅠ
2024.8.21 12:51,걸,이모티콘
2024.8.21 12:51,걸,짜징나..
2024.8.21 12:52,나,사진
2024.8.21 12:52,나,통화좀 길게하고
2024.8.21 12:52,나,정리해서 달라고 해서
2024.8.21 12:52,나,아예 싹 타이핑해서 보냈는데 
2024.8.21 12:52,나,그와중에 수강신청기간 오타냄 ㅎㅎ;;
2024.8.21 12:52,걸,헐
2024.8.21 12:52,걸,오빠 이메일 잘쓴당
2024.8.21 12:53,나,기필코 하루 학교 덜 가겠다는 의지
2024.8.21 12:53,걸,ㅋㅋㅋㅋㅋㅋㅋㅋㅋㅋㅋㅋㅋㅋㅋㅋㅋ 아맞네
2024.8.21 12:53,걸,학교 덜가야해서 그러시는거군뇨
2024.8.21 12:53,걸,ㅠㅠ
2024.8.21 12:53,나,지금 방학기간에 나를 돌아보니까 너무 게을러져서 돌이킬수없어
2024.8.21 12:54,나,지금 최세정교수님 인원 31명이거든? 읽지도 않으시고 일찌감치 포기 하는게 정신건강에 나을지두 몰라
2024.8.21 12:54,걸,히융..
2024.8.21 12:54,걸,알겟어요..
2024.8.21 12:54,걸,이모티콘
2024.8.21 12:55,나,알아보니까 학점교류수강 자체가
2024.8.21 12:55,나,되는데가 없고 공학대학원이 특이 케이스더라고??
2024.8.21 12:55,나,등록금 비싸니까 해준건가 싶기도 한데
2024.8.21 12:55,걸,헐 그렇구나..?!?
2024.8.21 12:55,걸,다른 대학원은 교류가 안되구나..
2024.8.21 12:55,나,다른 학교 사람들 말 들어보면 아예 이런 제도 없는걸로 알고
2024.8.21 12:55,걸,허걱..
2024.8.21 12:56,나,미디어 대학원은 되는거 없고.. 나 저번학기 수강할때 공학대학원은 이런것도 되는군요? 이러시더라고
2024.8.21 12:58,나,암튼 난 황지원씨 통화해서 처리되고는 있는거 같아서 먼저 통화한건가 싶어 말해본겨..
2024.8.21 12:59,걸,알려주셔서 감사해요..
2024.8.21 13:00,걸,근데 저는 미디어에 안읽씹당한게 상처여서
2024.8.21 13:00,걸,이번학기는 안들을래요..
2024.8.21 13:00,나,혹시 최세정 교수님 
2024.8.21 13:00,걸,이모티콘
2024.8.21 13:00,걸,넹
2024.8.21 13:00,나,안 오겠지만... 연락오면 말좀 해줄래?
2024.8.21 13:00,나,너무 괘씸해서
2024.8.21 13:00,걸,ㅋㅋㅋㅋㅋㅋㅋㅋㅋㅋㅋㅋㅋㅋㅋㅋㅋㅋㅋㅋㅋㅋㅋㅋㅋㅋㅋㅋㅋㅋㅋ
2024.8.21 13:00,걸,오빠도 알려조요..
2024.8.21 13:00,나,카카오페이 안그래도 지금 개인정보 유출되서 개빡치는데
2024.8.21 13:00,걸,저 한번더 보내볼까 고민즁
2024.8.21 13:01,걸,앜ㅋㅋㅋㅋㅋ 아
2024.8.21 13:01,걸,그니까여¯ࡇ¯
2024.8.21 13:01,걸,뭔 알리에 넘기고 난리
2024.8.21 13:01,나,근데 이 사람 저번학기에
2024.8.21 13:01,나,수강신청기간 지나고 내 메일 읽긴함 ㅎ..
2024.8.21 13:01,나,읽씹
2024.8.21 13:01,나,사진
2024.8.21 13:02,걸,아익앀ㅋㅋㅋㅋㅋㅋㅋㅋㅋㅋㅋㅋㅋㅋㅋㅋㅋㅋ
2024.8.21 13:02,나,뭐 하긴 나는 우리과 교수님께 과제 제출한것도 아직도 안읽씹당했는데
2024.8.21 13:02,걸,아ㅡㅡ바뿌면 얼마나 바뿌시다고!!
2024.8.21 13:02,걸,엥?
2024.8.21 13:02,걸,ㅋㅋㅋㅋㅋㅋㅋㅋㅋㅋㅋㅋㅋㅋㅋㅋㅋㅋ 아ㅜㅋㅋㅋㅋㅋㅋㅋㅋㅋㅋㅋㅋㅋㅋㅋㅋ 
2024.8.21 13:02,걸,점수는 어떻게 주셧대욬ㅋㅋㅋㅋ 
2024.8.21 13:02,나,사진
2024.8.21 13:02,나,그냥 배경한 교수님꺼 과목 3개 다 묻지도 따지지도 않고 A0임
2024.8.21 13:02,나,2023년 12월 18일 보낸게 아직도 안 읽씹 ㅎ
2024.8.21 13:03,나,이러시고 워크숍에서 술 한잔 따라주시겠다고 좋은 술 따라주심
2024.8.21 13:03,나,진짜 속상하다 속상해
2024.8.21 14:53,걸,..나만 비쁠주셨네
2024.8.21 14:53,걸,오빠 저거 읽었는데 전산상에서만 안읽음이지 않을까요???
2024.8.21 14:53,걸,ㅋㅋㅋㅋㅋㅋㅋㅋㅋㅋㅋㅋㅋㅋㅋㅋㅋㅋ 헐 굣님도 오셧구나
2024.8.21 15:12,나,엥 비쁠 맞았다구?
2024.8.21 15:13,나,그런 케이스가 있어??
2024.8.21 15:13,나,교수님들하고 새벽까지 술 마셨어....
2024.8.21 15:13,걸,..
2024.8.21 15:13,걸,네..
2024.8.21 15:13,나,거짓말
2024.8.21 15:13,걸,진짠데
2024.8.21 15:13,나,그때 그거 수강소감
2024.8.21 15:13,걸,이거 말도 안되는
2024.8.21 15:13,나,안써서 그런거 아니야?
2024.8.21 15:13,걸,그런가?
2024.8.21 15:13,걸,휴
2024.8.21 15:13,걸,몰라요ㅠ
2024.8.21 15:13,걸,메일보내려다가
2024.8.21 15:13,걸,그냥 말았어요..
2024.8.21 15:13,걸,나중에 쉅 또 들을수도있으니까
2024.8.21 15:14,나,내가 볼멘소리할게 아니구나?
2024.8.21 15:14,나,아니 난 과제를 첫 학기때 몇개를 했는데
2024.8.21 15:18,걸,ㅠㅜㅠㅜㅠㅜㅠㅜㅠㅜ
2024.8.21 15:18,걸,몇개했는데용??
2024.8.21 15:19,나,사진
2024.8.21 15:19,나,이게 첫학기 논문세미나야...
2024.8.21 15:19,나,과목 1개..
2024.8.21 15:25,걸,에
2024.8.21 15:25,걸,?
2024.8.21 15:25,걸,ㅋㅋㅋㅋㅋㅋㅋㅋㅋㅋㅋㅋㅋㅋㅋㅋㅋㅋㅋㅋㅋㅋㅋㅋㅋㅋㅋㅋㅋㅋ
2024.8.21 15:25,걸,진짜 오바다
2024.8.21 15:25,걸,오빠근데 광탈이 논문작성법이었군요
2024.8.21 15:25,걸,저거 ㄹㅇ 빡세다던데
2024.8.21 15:30,나,사실상 포기해야되는듯...?
2024.8.21 15:30,나,암튼 그래서 난 배교수님꺼 다 A0야..
2024.8.21 15:31,나,전혀몰랐네...
2024.8.22 13:45,나,하이~ 자꾸 물어봐서 미안한데..
2024.8.22 13:45,나,최세정교수님 연락 안 왔지?
2024.8.22 13:45,나,ㅋㅋㅋㅋㅋㅋㅋㅋㅋㅋㅋㅋㅋㅋㅋㅋㅋㅋㅋㅋㅋㅋㅋㅋㅋㅋㅋㅋㅋㅋㅋㅋㅋㅋㅋㅋㅋㅋㅋㅋㅋㅋㅋㅋㅋㅋㅋ
2024.8.22 13:46,걸,ㅋㅋㅋㅋㅋㅋㅋㅋㅋㅋㅋㅋㅋㅋㅋㅋㅋㅋㅋㅋㅋㅋㅋㅋㅋㅋㅋㅋ
2024.8.22 13:46,걸,네..
2024.8.22 13:46,걸,포기해요 오빠..
2024.8.22 13:46,나,나 3트 교수님 답장은 받았는데 또 읽씹하길래
2024.8.22 13:46,나,4트로 노동대학원 문의했는데 교수님이 승인해줬어 ㅎㅎ
2024.8.22 13:46,걸,오오오오
2024.8.22 13:46,나,이번에는 저번학기랑 다르게
2024.8.22 13:46,걸,노동대학원 무슨 쉅 들어요??
2024.8.22 13:46,나,수강정정기간에 학생이 직접 수강신청해야된다네
2024.8.22 13:47,걸,아글큐나
2024.8.22 13:47,나,조직사회학
2024.8.22 13:47,걸,헐
2024.8.22 13:47,걸,내가 알아본 쉅이다
2024.8.22 13:47,걸,ㅋㅋㅋㅋㅋㅋㅋㅋㅋㅋㅋㅋㅋㅋㅋㅋㅋㅋ
2024.8.22 13:47,나,근데 인원이 풀이라서 이것도 문의했는데
2024.8.22 13:47,걸,아 나도 그거 들을까 엄청 고민했는데
2024.8.22 13:47,나,교수님은 일단 오케이 하셨고
2024.8.22 13:47,걸,인원이 꽉차가지고
2024.8.22 13:47,걸,헐
2024.8.22 13:47,나,인원 꽉 찬것도
2024.8.22 13:47,걸,된댔어요???
2024.8.22 13:47,나,교수님이 증원의지만 있으면 된다고 공학행정실에서 답변들어서
2024.8.22 13:48,걸,헐헐
2024.8.22 13:48,걸,그럼 나 듣고싶은데
2024.8.22 13:48,나,일단 교수님 승인한거랑 학점교류서류 cmp@korea.ac.kr에 보내기로 했어 방금 통화해서
2024.8.22 13:48,나,그런데 어쨋든 2트했던 최세정 교수님은 혹시 연락왔나 궁금해서..
2024.8.22 13:48,나,미뎌 대학원 얘네는 진짜 글렀다
2024.8.22 13:48,나,한통속인거 같아
2024.8.22 13:50,걸,ㅋㅋㅋㅋㅋㅋㅋㅋㅋㅋㅋㅋㅋㅋㅋㅋㅋㅋㅋㅋㅋㅋㅋㅋ
2024.8.22 13:50,걸,그니까여...
2024.8.22 13:51,나,어쨋든 미디어는 하나도 승인 안해주고 처음 트라이한 노동대학원에서 ㅇㅋ 들었네 ㅎㅎ;
2024.8.22 13:51,나,자꾸 귀찮게 해서 미안하지만.. 최세정 교수님 연락 받으면 귀띔 좀 해줘..
2024.8.22 14:09,걸,알겟서요!!
2024.9.2 11:23,나,총무부장 걸씨
2024.9.2 11:23,나,하나만 질문좀요
2024.9.2 11:24,나,혹시 행정실에 택배 받게 하는거
2024.9.2 11:24,나,누구랑 이야기 해야합니가..
2024.9.2 11:25,걸,예..?
2024.9.2 11:25,걸,택배요??
2024.9.2 11:26,나,그 과잠 뭉탱이로 행정실에 쌓여있는거 같아서 물어보는건뒤..
2024.9.2 11:26,나,나도 행정실에 투척하고 싶어서...
2024.9.2 11:26,걸,아아아아아
2024.9.2 11:26,걸,행정실이 받는거
2024.9.2 11:26,걸,그거 행정실 조교님이랑 이야기해야할거에요!
2024.9.2 11:27,나,혹시 연락처가...
2024.9.2 11:28,나,아 그냥 오늘 행정실 함 가야대나... 누구랑 얘기해야되는지 몰라서.. 괜히 요상하게 총대메서
2024.9.2 11:28,걸,아 오빠 그거
2024.9.2 11:29,걸,그 하키복이요??
2024.9.2 11:29,걸,그거 주뭉하셨어요?
2024.9.2 11:29,걸,안하셨으면 저도 하나 사주세요
2024.9.2 11:29,걸,ㅋㅋㅋㅋㅋㅋㅋㅋㅋㅋㅋㅋㅋㅋㅋㅋㅋㅋㅋ 
2024.9.2 11:29,나,?
2024.9.2 11:29,나,ㅋㅋㅋㅋㅋㅋㅋㅋㅋㅋㅋㅋㅋㅋㅋㅋㅋㅋㅋㅋㅋㅋㅋㅋㅋㅋㅋㅋㅋㅋㅋㅋㅋㅋㅋㅋㅋㅋㅋ
2024.9.2 11:29,걸,아 유니 스토어로 주문하실거죠 ?
2024.9.2 11:29,나,아닌디
2024.9.2 11:29,나,외부업체여라..
2024.9.2 11:29,걸,아 하 ..
2024.9.2 11:29,나,커스텀까지 해준데서...
2024.9.2 11:29,나,주문할겨?
2024.9.2 11:29,나,아직 사장님이
2024.9.2 11:29,걸,오빠가 사준다하면 ??
2024.9.2 11:29,나,확인하고 작업 시작은 안하셔서
2024.9.2 11:29,나,아 내가 사주라고?
2024.9.2 11:29,나,진짜 얘네 다들 작정했나
2024.9.2 11:30,걸,이모티콘
2024.9.2 11:30,나,신수연은 애플펜슬 사달라 그러지 않나
2024.9.2 11:30,나,총무부장은 하키복 내놓으라질 않나
2024.9.2 11:30,나,무슨 학교에 토론동아린가 어딘가
2024.9.2 11:30,나,너 이름 박은거 있더라
2024.9.2 11:41,걸,연락처: 고려대 공학대학원 행정실
2024.9.2 11:42,걸,조교님 번호는 정확히 모르구
2024.9.2 11:42,걸,여기루 연락하면 될거같네용?
2024.9.2 11:43,나,오 ㄱㅅㄱㅅ 
2024.9.2 11:43,나,총무부장의 힘인가
2024.9.2 11:43,나,사진
2024.9.2 11:43,걸,ㅋㅋㅋㅋㅋㅋㅋㅋㅋㅋㅋㅋㅋㅋㅋㅋㅋㅋㅋㅋㅋㅋㅋ 모여 이게
2024.9.2 11:43,걸,고란도란ㅋㅋㅋㅋㅋ
2024.9.2 11:43,걸,이름 넘 별룬데요ㅠ
2024.9.2 11:45,나,널 부정하는게 된다고
2024.9.2 11:45,나,지분 50%잖아
2024.9.2 13:06,나,고란아 그래서 너 안 산다는거지?
2024.9.2 13:06,나,사장님 컨펌 아직 안 받았는데?!
2024.9.2 14:48,걸,삭제된 메시지입니다.
2024.9.2 14:48,걸,ㅋㅋㅋㅋㅋㅋㅋㅋㅋㅋㅋㅋㅋㅋㅋㅋ 
2024.9.2 14:49,걸,진짜 바로 고라니래
2024.9.2 14:49,걸,오빠가 안사준다매요ㅠㅠ
2024.9.2 14:49,나,이미 주문 넣었어~ 답장 늦어서
2024.9.2 14:49,나,휴... 진짜 답답한 고라니구나..
2024.9.2 14:49,걸,ㅠㅠ
2024.9.2 14:49,걸,서울가는길에
2024.9.2 14:49,걸,자고잇엇어요ㅠ
2024.9.2 14:49,걸,이모티콘
2024.9.2 14:49,걸,아 개강 개싫다ㅠ
2024.9.2 14:50,걸,줄여서 개
2024.9.2 14:50,나,ㅋㅋㅋㅋㅋㅋㅋㅋㅋㅋㅋㅋㅋㅋㅋㅋㅋ
2024.9.2 14:50,나,어이없다를 줄여서 어
2024.9.2 14:50,걸,줄여서 개
2024.9.2 14:50,나,어
2024.9.2 14:52,걸,엥
2024.9.2 14:52,걸,왜 두번보내졋짘ㅋㅋㅋㅋ
2024.9.2 14:53,나,진짜 개같나부지 뭐~
2024.9.2 14:53,나,이해한다 충분히
2024.9.2 14:53,나,너무 답장 느려서 암튼 주문 진행해버렸어~
2024.9.2 14:53,나,넌 안돼~
2024.9.2 14:54,걸,쳇
2024.9.2 14:54,걸,오빠 실망이에요
2024.9.2 14:55,나,게으른 고라니
2024.9.2 14:55,나,사진
2024.9.2 14:56,걸,ㅋㅋㅋㅋㅋㅋㅋㅋㅋㅋㅋㅋㅋㅋㅋㅋㅋㅋㅋㅋㅋㅋㅋㅋㅋㅋ 
2024.9.2 14:56,걸,사진 찾아오시는 열정
2024.9.2 14:57,걸,이모티콘
2024.9.2 14:57,나,이씨..
2024.9.2 14:57,걸,오빠 근데 저 스마트제조쪽으로 논문 쓰려고 하는데
2024.9.2 14:57,나,이모티콘
2024.9.2 14:57,걸,그쪽 논문 스터디
2024.9.2 14:57,나,크..
2024.9.2 14:57,걸,있나요 ?
2024.9.2 14:57,나,도란 드디어 깨어났구나
2024.9.2 14:57,나,스마트 제조쪽으로 쓰는게
2024.9.2 14:57,걸,머가요
2024.9.2 14:57,나,개이득이지
2024.9.2 14:57,나,요즘 제일 핫한데
2024.9.2 14:57,걸,왜요???
2024.9.2 14:57,걸,ㅋㅋㅋㅋㅋㅋㅋㅋㅋㅋㅋㅋㅋㅋㅋㅋㅋㅋㅋㅋㅋㅋㅋㅋㅋ
2024.9.2 14:57,걸,근데 거기 논문 씅때 필요한
2024.9.2 14:58,나,스마트 시티 디지털 트윈 얼마나 핫해
2024.9.2 14:58,걸,정성적?자료 라고 래여되나
2024.9.2 14:58,나,뭘 원하시죠
2024.9.2 14:58,걸,프로그램은 뭐써요 ?
2024.9.2 14:58,걸,수치화하는거
2024.9.2 14:58,나,정성적 자료라고 해야되나 프로그램은 뭘까..?
2024.9.2 14:58,나,뭐 통계 패키지 쓸거 아님
2024.9.2 14:58,걸,정성적 자료룰 얻기 위헌 프로그램이요
2024.9.2 14:58,나,예를 들면
2024.9.2 14:58,걸,음
2024.9.2 14:58,나,너무 포괄적인데
2024.9.2 14:58,걸,저는 재고자산 쪽으로
2024.9.2 14:59,걸,쓸거같은데
2024.9.2 14:59,걸,아직 확실하지 않아서ㅠ
2024.9.2 14:59,나,어떤 데이터를 정확하게 원하는지 알아야 탐색하지 않을까?
2024.9.2 14:59,걸,우문현답
2024.9.2 14:59,걸,이모티콘
2024.9.2 14:59,나,아직 시간 많잖여~
2024.9.2 14:59,나,전자자료 활용이나 이런거도 스터디 함 하면 되지
2024.9.2 14:59,걸,마자요
2024.9.2 14:59,걸,그이까 그 스터디
2024.9.2 14:59,나,잘 생각했다 고란
2024.9.2 14:59,걸,어딧어요
2024.9.2 15:00,나,그 스터디는 어딨냐니
2024.9.2 15:00,걸,오빠 같이껴주세요
2024.9.2 15:00,나,오늘 개강인데?
2024.9.2 15:00,걸,저듀
2024.9.2 15:00,나,하는거 보고
2024.9.2 15:00,나,오늘 좀 괘씸해서
2024.9.2 15:00,나,-1점이야 너
2024.9.2 15:00,걸,왜요 ¯ࡇ¯
2024.9.2 15:00,걸,머가 괘씸한거죠?????
2024.9.2 15:00,나,침흘리고 잤다고 해서 -1점
2024.9.2 15:00,걸,침자국 아까 화장실에서 닦았으니 +1점
2024.9.2 15:01,나,그럼 다시 원점
2024.9.2 15:01,걸,ㅋㅋㅋㅋㅋㅋㅋㅋㅋㅋㅋㅋㅋㅋㅋㅋㅋㅋ 본전은 찾앗다
2024.9.2 15:01,걸,아ㅜ근데 아쉽다
2024.9.2 15:01,걸,갖고시펏는대
2024.9.2 15:01,걸,미리 연락할껄 ㅎ 까먹고잇엇어요
2024.9.2 15:01,나,그럼 ㅃㄹㅃㄹ 연락했어야지
2024.9.2 15:01,나,내가 원우회 애들만 특별히
2024.9.2 15:01,나,이니셜 따로 박을 수 있게 빼줬는딩
2024.9.2 15:01,나,"민경, 수연"
2024.9.2 15:02,나,참고로 원우회 하는 애들은 기간 지나도 
2024.9.2 15:02,나,몰래몰래 받아줬어 ^^..
2024.9.2 15:02,걸,..
2024.9.2 15:02,걸,지금도 벋아줘요
2024.9.2 15:02,걸,받아
2024.9.2 15:02,나,민경이 디테일은 오늘 꼭두새벽에 결정지었고..
2024.9.2 15:03,걸,사장님한테 졸라주세요
2024.9.2 15:03,나,근데 야구복 산거 아녀?
2024.9.2 15:03,나,하키복이 더 이쁠텐데
2024.9.2 15:03,걸,긍까유
2024.9.2 15:03,나,풉키
2024.9.2 15:03,나,어쩔 수 없지..
2024.9.2 15:03,걸,ㅡㅡ
2024.9.2 15:03,나,휴~
2024.9.2 15:03,걸,왜 놀려여
2024.9.2 15:03,나,놀릴만 하니까 놀리지 휴~
2024.9.2 15:03,나,비밀 하나 말해줄께
2024.9.2 15:03,걸,이모티콘
2024.9.2 15:03,나,말하고 나면 비밀 아니겠지만
2024.9.2 15:03,걸,머요
2024.9.2 15:04,나,사실 나 색깔별로 2개 샀어
2024.9.2 15:04,나,사장님이 주문하는 나는
2024.9.2 15:04,걸,내놓으삼.
2024.9.2 15:04,나,총 2벌 샀는데
2024.9.2 15:04,나,주문자니까 커스텀 디테일하게 해주신데서
2024.9.2 15:04,나,그럼 2벌 살게요! 이랬지
2024.9.2 15:04,걸,ㅋㅋ
2024.9.2 15:04,걸,후
2024.9.2 15:04,걸,자랑 그만.
2024.9.2 15:04,나,한벌 빌려줄 수 있어
2024.9.2 15:04,나,대신 땀냄새 안 나게
2024.9.2 15:04,나,세탁해와
2024.9.2 15:04,걸,촴내
2024.9.2 15:04,나,시름말구
2024.9.2 15:04,걸,그거야
2024.9.2 15:05,나,나 2벌 산거 친구나 아는 동생가면 빌려줄라고 2벌 산거야
2024.9.2 15:05,걸,손빨래로 방망이질 하며
2024.9.2 15:05,걸,깨끗히 다림질 해서
2024.9.2 15:05,걸,돌려드립죠
2024.9.2 15:05,나,배운 사람이네 너
2024.9.2 15:05,걸,이모티콘
2024.9.2 15:05,나,+1 포인트 상승했어
2024.9.2 15:05,나,신뢰지수 지금 100점 만점에 1점이야 너
2024.9.2 15:05,걸,5점으로 해줘요
2024.9.2 15:05,걸,ㅋㅋ
2024.9.2 15:05,걸,촴내 ㅋㅋ
2024.9.2 15:05,나,너 지금 상위권이야
2024.9.2 15:05,걸,아?
2024.9.2 15:05,걸,ㅋㅋㅋㅋㅋㅋㅋㅋㅋㅋㅋㅋㅋㅋㅋㅋㅋㅋㅋㅋㅋㅋㅋㅋ 
2024.9.2 15:05,나,신뢰지수 양의 정수를 갖는 사람이 별로 없어 학교에
2024.9.2 15:05,걸,#NAME?
2024.9.2 15:06,걸,아ㅜ개욱겨ㅠ
2024.9.2 15:06,나,많지
2024.9.2 15:06,걸,ㅋㅋㅋㅋㅋㅋㅋㅋㅋㅋㅋㅋㅋㅋㅋㅋㅋㅋㅋㅋㅋㅋㅋㅋㅋㅋㅋㅋㅋㅋ 
2024.9.2 15:06,나,나 6월 18일 기준 대학원 만족도 3.9점의 사나이야
2024.9.2 15:06,걸,이게 사람이 문젠거에요 어님 오빠가 깐깐한거에요?
2024.9.2 15:06,걸,5점만점 ?
2024.9.2 15:06,나,사람이 문제라고 하면 적이 많으니까
2024.9.2 15:06,나,내 문제라고 하자
2024.9.2 15:06,나,100점 만점이야
2024.9.2 15:06,걸,그럼 오빠 문제 맞네요ㅠ
2024.9.2 15:07,나,그래도 억지로 원우회 모임이나 이런거 나가서
2024.9.2 15:07,나,끌어올리는 중이야 고란아
2024.9.2 15:07,나,니가 몰 알아 난쟁이녀석아
2024.9.2 15:09,걸,히히 끌어올려주는 원우회 모임에 제가 있지요
2024.9.2 15:09,걸,덕분이지요?
2024.9.2 15:10,걸,유얼웰컴~~~~
2024.9.2 15:10,나,당연하지~
2024.9.2 15:10,나,홍대 가던날 전화해서 떨던 호들갑은
2024.9.2 15:10,나,아직도 기억에 남네
2024.9.2 15:10,나,너무 어이가 없어서 콧방귀 꼈는데
2024.9.2 15:10,걸,ㅋㅋㅋㅋㅋㅋㅋㅋㅋㅋㅋㅋㅋㅋㅋㅋㅋㅋㅋㅋㅋㅋㅋㅋㅋㅋ 
2024.9.2 15:10,걸,아웃곀ㅋㅋㅋㅋㅋㅋㅋㅋㅋㅋㅋㅋㅋㅋㅋㅋ 
2024.9.2 15:10,나,너 진짜 귀엽구나?
2024.9.2 15:10,걸,"머쓱,,(⌒_⌒;"
2024.9.2 15:10,나,진짜 어이없어서
2024.9.2 15:11,나,15시 10분에 도착했는데 왜케 일찍 왔냐며~
2024.9.2 15:11,걸,이모티콘
2024.9.2 15:11,나,근데 결국 인원 모자라서 팀 박살나고
2024.9.2 15:11,걸,오빠 없었우면 아휴~~~
2024.9.2 15:11,걸,아그니까요
2024.9.2 15:11,나,졸지에 2등팀됨
2024.9.2 15:11,걸,저 오빠랑 팀 되서 좋앗는데
2024.9.2 15:11,걸,바로 뺏기기~
2024.9.2 15:11,나,뭘 좀 아는구나
2024.9.2 15:11,걸,나랑 햇으면 1등이엇을텐데
2024.9.2 15:11,나,놀 줄 아네
2024.9.2 15:12,걸,저 피해가서 1등 못하신것임
2024.9.2 15:12,나,아니 근데
2024.9.2 15:12,나,난 진심
2024.9.2 15:12,나,가만~ 앉아만 있었어
2024.9.2 15:12,걸,ㅋㅋㅋㅋㅋㅋㅋㅋㅋㅋㅋㅋㅋㅋㅋㅋㅋㅋㅋㅋㅋㅋㅋ 
2024.9.2 15:13,걸,저는 좀 난리 부르스를 떨엇어요ㅠ
2024.9.2 15:13,걸,조금 민망
2024.9.2 15:17,나,자연스러웠어
2024.9.2 15:17,나,덜 민망하게
2024.9.2 15:17,나,내가 포크 많이 쓰는거 소문냈어
2024.9.2 15:17,나,잘했지? 칭찬해줘
2024.9.2 15:18,나,이것도 소문냈어!
2024.9.2 15:18,걸,후..
2024.9.2 15:18,걸,이거 쥔짜
2024.9.2 15:18,걸,이모티콘
2024.9.2 15:18,걸,아놔..
2024.9.2 15:18,걸,누구한테 또 소문을 ^^
2024.9.2 15:18,나,ㅋ 포크 5개 5도류 쓰는거 좀 귀여워서 사진 찍었어
2024.9.2 15:18,나,누구긴 누구야
2024.9.2 15:18,나,내 테이블에 있던 사람들 전부지
2024.9.2 15:19,걸,ㅋ..
2024.9.2 15:19,걸,후..
2024.9.2 15:19,나,사진
2024.9.2 15:19,나,약간 이 느낌 좀 귀엽긴해
2024.9.2 15:19,나,닮기도 했어
2024.9.2 15:19,걸,ㅋㅋㅋㅋㅋㅋㅋㅋㅋㅋㅋㅋㅋㅋㅋㅋㅋㅋㅋㅋㅋㅋㅋㅋㅋㅋㅋㅋㅋ 
2024.9.2 15:19,걸,참나
2024.9.2 15:19,걸,자꾸 귀엽다는 말로 포장하시는데
2024.9.2 15:19,나,에스퍼 포켓몬 같은 녀석
2024.9.2 15:19,걸,귀여움이랑 먼 사진 보내놓고
2024.9.2 15:20,나,ㅋㅋㅋㅋㅋㅋㅋㅋㅋㅋㅋㅋㅋㅋㅋㅋㅋㅋㅋ
2024.9.2 15:20,걸,ㅋㅋ
2024.9.2 15:20,걸,하~
2024.9.2 15:20,걸,당신 - 50점
2024.9.2 15:20,나,아니 그래도 매칭하려는 노력이 어디야
2024.9.2 15:20,나,너 상위권이라구
2024.9.2 15:20,나,죄다 음의 점수라
2024.9.2 15:20,걸,저는 일단 다 100에서 시작해요
2024.9.2 15:20,걸,사람은 다 좋아 인간이라
2024.9.2 15:20,나,하 바로 50점 까고 시작이네
2024.9.2 15:20,걸,그래서 오빠 50점
2024.9.2 15:20,걸,ㅋㅋㅋㅋㅋㅋㅋㅋㅋㅋㅋㅋㅋㅋㅋㅋㅋ 
2024.9.2 15:20,나,독보적이네
2024.9.2 15:21,걸,그쳐..?
2024.9.2 15:21,걸,아무래도 민경언니는 200점이니까
2024.9.2 15:21,나,이런거 해내기도 힘든데
2024.9.2 15:21,나,몇점 만점이야
2024.9.2 15:21,걸,저는 만점이 정해져있지 않아요
2024.9.2 15:21,걸,점수는 고고익선
2024.9.2 15:21,나,남들 다 100점인데
2024.9.2 15:21,나,민경이는 200점이고 나는 50점이고
2024.9.2 15:21,나,그림 좋네~
2024.9.2 15:21,걸,ㅋㅋㅋㅋㅋㅋㅋㅋㅋㅋㅋㅋㅋㅋㅋㅋㅋㅋㅋㅋㅋㅋㅋㅋㅋㅋㅋㅋㅋㅋㅋㅋ 
2024.9.2 15:21,걸,아웃겨
2024.9.2 15:21,걸,오빠의 과거를 돌아보시죠
2024.9.2 15:21,나,난 좋게좋게 포장해서
2024.9.2 15:21,나,사진
2024.9.2 15:22,나,귀여운 포켓몬으로 매칭도 해주고
2024.9.2 15:22,나,약간 이번 엠티때 너 머리하고 왔떠라?
2024.9.2 15:22,걸,다음에 만날때
2024.9.2 15:22,걸,이 포켓몬 귀여운지 안귀여운지 사람들한테 물어봐서
2024.9.2 15:22,걸,귀엽다하면 내가 마시고
2024.9.2 15:22,걸,안귀엽다할땐 오빠가 마시기
2024.9.2 15:22,나,사진
2024.9.2 15:22,걸,총 20명 물어보시죠
2024.9.2 15:22,나,오호 내기를 거는건가
2024.9.2 15:22,나,뭐 마시기
2024.9.2 15:23,걸,소주
2024.9.2 15:23,나,?
2024.9.2 15:23,나,20잔 걸고 내기를? ㄷㄷ
2024.9.2 15:23,나,대신에 이거
2024.9.2 15:23,나,20명한테 그냥 바로 연속으로 묻고 점수만 집계해서
2024.9.2 15:23,나,한방에 소급적용하기다
2024.9.2 15:24,나,그리고 저 사진이랑 포크 5개 쓰는 사진 같이 보여줘야돼
2024.9.2 15:25,걸,오 단어가 고급져서 받아드리겟음
2024.9.2 15:25,걸,Okay
2024.9.2 15:26,나,사진
2024.9.2 15:26,나,ㅋ 그와중에 소주잔 옆에 술게임 하겠다고 베베 꼬아놓은 뚜껑 보게
2024.9.2 15:26,나,개귀엽네 ㅋ
2024.9.2 15:27,나,ㅎㅎ;
2024.9.2 15:29,걸,아 포크가 좀 많긴하다^^;; 머쓱
2024.9.2 15:31,나,왜인지 내 승리일거 같은데..?
2024.9.2 15:31,나,너 소주 20잔 마실 수 있어?
2024.9.2 15:32,나,ㅋㅋㅋㅋㅋㅋㅋㅋㅋㅋㅋㅋㅋㅋㅋㅋㅋㅋㅋㅋㅋ 내가 미리 초코에몽 하나 사놓을게
2024.9.2 15:36,걸,저기요
2024.9.2 15:36,걸,그렇가해서 포켓몬이
2024.9.2 15:36,걸,귀여운건 아니거덩요 
2024.9.2 15:37,나,머리 새로한 것도 반영해서 골라왔더니만 ㅠ
2024.9.2 15:37,나,꽤나 단호하네
2024.9.2 15:39,걸,..
2024.9.2 15:39,걸,진짜 저거 왜 보냇나 햇더니
2024.9.2 15:39,걸,참낰ㅋㅋ
2024.9.2 15:39,나,포켓몬 사진 탐색 해오느라 좀 힘들었어 ㅠ
2024.9.2 15:40,걸,ㅋㅋㅋㅋㅋㅋㅋㅋㅋㅋㅋㅋㅋㅋㅋ
2024.9.2 15:40,걸,일안하시나요?
2024.9.2 15:40,나,응 바쁜거 다 끝났거든
2024.9.2 15:40,나,지금 꿀빠는중이야
2024.9.2 15:40,나,너 괴롭히면서
2024.9.2 15:41,나,그만 괴롭힐게.. 침 조금만 흘리고 자..
2024.9.2 15:43,걸,전 이미 학교 ㅎ
2024.9.2 15:43,걸,메롱
2024.9.2 15:45,나,개빠르네
2024.9.2 15:45,나,잘됐다 과잠 수령 좀 해
2024.9.2 15:50,걸,오빠꺼 ??
2024.9.2 15:52,나,해..해주면 좋지......
2024.9.2 15:52,걸,ㅋㅋ
2024.9.2 15:52,나,글고 하키복도 똑같이 수령 해줄 수 있냐고 물어봐주면
2024.9.2 15:52,걸,-20점
2024.9.2 15:52,나,더.. 좋지...
2024.9.2 15:52,나,ㅋㅋㅋㅋㅋㅋㅋㅋㅋㅋㅋㅋㅋㅋㅋㅋㅋㅋㅋ
2024.9.2 15:52,걸,아아
2024.9.2 15:52,나,아니 학교 간김에~...
2024.9.2 15:52,나,일찍 갔다니까~
2024.9.2 15:52,나,뭐 하나 마실래?
2024.9.2 15:52,나,목 마를텐데
2024.9.2 15:53,나,뭐 하나 마시고 차분히 생각하면 되지 않을까?
2024.9.2 15:53,나,좀따 또랑에서 음료수 사줄까?
2024.9.2 16:00,걸,오빠 무러보니까
2024.9.2 16:01,걸,알겠대요!!
2024.9.2 16:01,걸,여기로 주문 넣으면 될거가툰데 ??
2024.9.2 16:01,걸,대신 언제 도착하는지 그런거는 알려줘야할거같아요
2024.9.2 16:03,걸,사진
2024.9.2 16:03,걸,여기루 연락 주떼염
2024.9.2 16:04,나,오...
2024.9.2 16:05,나,좋아 근데 사실
2024.9.2 16:05,나,이미 업체측에
2024.9.2 16:05,나,행정실로 보내달라고 주소 쏘긴 했어
2024.9.2 16:05,나,나는 설득하는 방향으로 가려고 했었어
2024.9.2 16:05,나,일처리 엄청난데 도란~
2024.9.2 16:06,걸,저 일처리 빠른걸로 유명해여 ㅎ
2024.9.2 16:06,나,나는 느리면 홧병나서 후딱해야하거든
2024.9.2 16:06,나,아주 든든했어
2024.9.2 16:06,나,괜히 총무부장 아니구나 너?
2024.9.2 16:11,걸,✌️
2024.9.2 16:11,걸,3개정두 ?
2024.9.2 16:11,나,?
2024.9.2 16:12,나,사진
2024.9.2 16:22,나,저 그러면 혹시 과잠은............ㅎㅋ...
2024.9.2 16:22,나,도란님 어떻게 되셨는지요
2024.9.2 18:27,걸,오빠 저 오늘 중요한 일 잇어서
2024.9.2 18:27,걸,이제봣어요ㅠ
2024.9.2 18:28,나,너무 싱글벙글해서 마이너스임
2024.9.2 18:29,걸,오빠봐서 싱글벙글한거지
2024.9.2 18:29,걸,그 일은 무지하게
2024.9.2 18:29,걸,심각한 사안..
2024.9.2 18:29,걸,오빠도 알면 이해할듯요
2024.9.2 18:32,나,그럼 일단 보류함
2024.9.2 18:32,나,어차피 사실
2024.9.2 18:32,나,과잠 따로 챙겨주심 ㅎ
2024.9.2 18:32,나,사진
2024.9.2 18:42,걸,헐
2024.9.2 18:42,걸,나도 봉튜
2024.9.2 18:42,걸,왜 넌 안주심
2024.9.2 18:42,걸,난
2024.9.2 18:43,나,그니까 잘해야지
2024.9.2 18:43,나,배신감 느낌
2024.9.2 19:05,걸,ㅡㅅㅡ
2024.9.2 20:05,나,??
2024.9.2 20:22,걸,??
2024.9.2 20:22,걸,오빠는 오늘 술 안마셔요?
2024.9.2 20:23,나,누구랑 마셔..
2024.9.2 20:28,걸,전전컴은 일단 마셔요..
2024.9.2 20:28,걸,아니 마시고 잇대요..
2024.9.2 20:30,나,엄청나네 다들
2024.9.2 20:30,나,오늘 또랑에서 다들 정모했는데
2024.9.2 20:49,걸,스마트 제조만??
2024.9.2 20:50,나,아니 다른과 전부…
2024.9.2 20:50,걸,뭐야… 나 전달 받은거 없음.. ꪔ̤̫ 
2024.9.2 20:51,걸,이차 때 뵐까요?
2024.9.2 20:51,나,"아니 섭섭해할껀 없니,ㄴ디"
2024.9.2 20:51,나,이차가 아니라 나는 일차 자리 약속이 없는디
2024.9.2 20:53,걸,아 오빠는 안가요 ??
2024.9.2 20:53,걸,왜 안가요 ㅠㅠ
2024.9.2 20:53,걸,술 같이 모고요 ㅠㅠ
2024.9.2 20:55,나,어딜가는거지??
2024.9.2 20:55,나,우린 끝남
2024.9.2 20:57,걸,아아 우린 이제 시작이요..
2024.9.2 20:58,걸,알겠어요..
2024.9.2 20:58,나,아 수업이 끝났다구
2024.9.2 20:58,나,나그네파전 가서 먹기로 했어
2024.9.2 21:03,걸,헐 나 나그네 파전
2024.9.2 21:03,나,헐?
2024.9.2 21:03,나,우이 거기가는디
2024.9.2 21:13,나,애들 개많네
2024.9.3 8:25,나,사진
2024.9.3 8:25,나,ㄱㅅㄱㅅ 요긴하게 쓰겠음
2024.9.3 9:07,걸,ㅋㅋㅋㅋㅋㅋㅋㅋㅋㅋㅋㅋㅋㅋㅋㅋㅋㅋㅋㅋㅋㅋㅋㅋㅋㅋㅋㅋㅋㅋㅋㅋㅋㅋ 
2024.9.3 9:07,걸,어..?
2024.9.3 9:07,걸,나 저거 언제줬지..?
2024.9.3 9:07,걸,ㅋㅋㅋㅋㅋㅋㅋㅋㅋㅋㅋㅋㅋㅋㅋㅋㅋㅋㅋㅋ 
2024.9.3 9:14,나,?
2024.9.3 9:14,나,ㅋㅋㅋㅋㅋㅋㅋㅋㅋㅋㅋㅋㅋㅋㅋㅋㅋ
2024.9.3 9:14,나,그새 취하셨나;
2024.9.3 9:14,나,어제 꼴뚜기집에서 줘놓곤 기억을 못하네
2024.9.3 9:17,걸,ㅋㅋㅋㅋㅋㅋㅋㅋㅋㅋㅋㅋㅋㅋㅋㅋㅋㅋㅋ
2024.9.3 9:17,걸,어제 화두가 넘 많았어서
2024.9.3 9:17,걸,주머니에 손넣다가 줬나보다..
2024.9.3 9:18,걸,계속 넣을때마다 거슬려가지고 꾸깃꾸깃햇는데
2024.9.3 9:18,걸,잘 전달 되었다니 다행이어요
2024.9.3 9:18,걸,이모티콘
2024.9.3 9:18,나,완전 빳빳하던디 혹시
2024.9.3 9:18,나,다리가 각목이야? 
2024.9.3 9:18,걸,엥 ?
2024.9.3 9:18,걸,ㅋㅋㅋㅋㅋㅋㅋㅋㅋㅋㅋㅋㅋㅋㅋㅋㅋㅋㅋㅋㅋㅋㅋㅋㅋㅋ 
2024.9.3 9:18,걸,어제 나 취했나 ?
2024.9.3 9:18,나,사진
2024.9.3 9:19,걸,왜조래ㅠㅋㅋㅋㅋㅋㅋㅋㅋㅋㅋㅋㅋㅋㅋㅋ 
2024.9.3 9:19,걸,또 열심히 사진찾아오셨네..
2024.9.3 9:19,걸,노력 인정
2024.9.3 9:19,나,어제 멀쩡한척 하더니
2024.9.3 9:19,나,ㄹㅇ 취했나보네
2024.9.3 9:20,나,분위기 살벌한데
2024.9.3 9:20,나,옆자리 오라고 의자에 손으로 툭툭 치는거
2024.9.3 9:20,나,약간 상남자 같고 멋있었음
2024.9.3 9:22,걸,ㅋㅋㅋㅋㅋㅋㅋㅋㅋㅋㅋㅋㅋㅋㅋㅋㅋㅋㅋㅋㅋㅋㅋㅋㅋㅋㅋㅋㅋㅋㅋㅋㅋㅋㅋ
2024.9.3 9:22,걸,저기요
2024.9.3 9:22,걸,상여자라고 해주실래요 ㅎㅎ
2024.9.3 9:23,나,근데 웃긴거
2024.9.3 9:23,나,약간 쫄아서 바로 헐레벌떡 옮긴 나새끼
2024.9.3 9:23,걸,ㅋㅋㅋㅋㅋㅋㅋㅋㅋㅋㅋㅋㅋㅋㅋㅋㅋㅋㅋㅋㅋㅋ
2024.9.3 9:23,걸,휴 구래도 어제 봐서 좋앗슴돠
2024.9.3 9:24,걸,다들 이제 편해졌는지
2024.9.3 9:24,걸,필터링없이 대화하더라고요
2024.9.3 9:24,걸,ㅋㅋㅋㅋㅋㅋㅋㅋㅋㅋㅋㅋㅋㅋㅋㅋㅋ 
2024.9.3 9:24,나,이미 저번 이후로 내가
2024.9.3 9:24,나,익명으로 에둘러서 좀 표현하긴 했는데...
2024.9.3 9:24,나,못 알아먹은건지 모르겠다
2024.9.3 9:25,걸,멀요??
2024.9.3 9:25,나,그 너네 불만
2024.9.3 9:26,나,일처리 빠릿빠릿하게 해야할 거 같다고 에둘러서 표현했었거든
2024.9.3 9:27,나,근데 그 빠릿빠릿이 독단적으로만 가지 말고 이야기도 좀 할 필요가 있던건데
2024.9.3 9:59,걸,우웅..
2024.9.3 9:59,걸,에흉..
2024.9.3 10:05,나,과잠 사건은 한번 다같이 모여서 도란도란 이야기해봐
2024.9.3 10:06,걸,아근데 나는
2024.9.3 10:06,걸,솔직히 말하면
2024.9.3 10:06,걸,상관없음..어차피 안입을거라서
2024.9.3 10:06,걸,ㅋㅋㅋㅋㅋㅋㅋㅋㅋㅋㅋㅋㅋㅋㅋㅋㅋ
2024.9.3 10:06,걸,걍 나는 저런걸 박을생각을 한게 놀라움..
2024.9.3 10:07,나,내가 자꾸 원우회 박을라고 하길래
2024.9.3 10:07,나,진짜 반대 엄청했거든
2024.9.3 10:07,나,자꾸 원우회꺼만 따로 빼서 늦게 만들라고도 하고
2024.9.3 10:07,나,그래서 내가 입실렌티 전에는 받아야
2024.9.3 10:07,나,한번 입지 않겠냐 엄청 따졌지
2024.9.3 10:07,나,결국 못 받았고 입실 이후에도 못 받고
2024.9.3 10:07,나,어제 받았네
2024.9.3 10:07,나,나는 어제 내 이니셜 박아준다고 갠톡 따로 왔는데
2024.9.3 10:08,나,그것도 누락되었어 ㅎ...
2024.9.3 10:08,걸,그래서 내가 과잠수령하라고 공지했을때 사람들 반응이 나오긴 나오네ㅋ 반응이었구나..
2024.9.3 10:08,나,그냥 꼬리뼈쪽에 영문으로 대학원 이름만 박힌 샘플 자켓이야
2024.9.3 10:08,걸,그니까..
2024.9.3 10:08,나,ㅋㅋㅋㅋㅋㅋㅋㅋㅋㅋㅋㅋ... 아니 이미 다른데에선
2024.9.3 10:08,나,단체 옷 맞춰도
2024.9.3 10:08,걸,오빠도 얼마나 답답했을지 ㅠ 너무 공감됨 ㅠ
2024.9.3 10:09,나,2벌 이상은 맞출 시긴데도 한벌이 안 나와서...
2024.9.3 10:09,걸,그니까..
2024.9.3 10:09,나,나 그.. 하키티 두벌 뽑으니까
2024.9.3 10:09,나,하나 빌려줄게
2024.9.3 10:09,걸,오예!!
2024.9.3 10:10,걸,손빨래해서 돌려드리지요🤗
2024.9.3 10:10,나,과잠 안 입는다는디 한벌 빌려주는건 일도 아니지..
2024.9.3 10:10,걸,ㅋㅋㅋㅋㅋㅋㅋㅋㅋㅋㅋㅋㅋㅋㅋㅋㅋㅋㅋㅋㅋㅋ후..
2024.9.3 10:10,나,민경이도 어제 딥빡쳤던데
2024.9.3 10:10,걸,민경언니가 젤 화난듯 ??
2024.9.3 10:10,걸,그런모습 첨봣어ㅠ
2024.9.3 10:10,걸,언니 원래 다 웃어주는 사람인데..
2024.9.3 10:10,나,어이없을만 하지
2024.9.3 10:10,나,나도 보고 기가차더라
2024.9.3 10:11,걸,폰트크기라도 줄이던가..
2024.9.3 10:11,나,디테일하게 요청을 안한거라고 보임 난..
2024.9.3 10:11,나,이번에 하키티 공구하면서
2024.9.3 10:11,나,사장님 잘 구워삶으면 디테일은 더 사는거 같던데
2024.9.3 10:15,걸,이게 발주는 박지용오빠가 넣어서
2024.9.3 10:15,걸,ㅠㅠ
2024.9.3 10:15,나,아니 근데 애초에 난 아직도 이해가 안가는게
2024.9.3 10:15,나,오래걸릴일이 아니거든?
2024.9.3 10:15,나,추진빠르게 하면
2024.9.3 10:15,나,진짜 문제가 없는데
2024.9.3 10:17,걸,그니까 ㅠ 내부사정이 뭔진 모르겠지만..
2024.9.3 10:17,나,내부 사정이야
2024.9.3 10:17,걸,72기가 이번에 받은게..
2024.9.3 10:17,나,느리게 추진한 죄
2024.9.3 10:17,걸,그리고 오빠 
2024.9.3 10:17,걸,저한테 천만원을 넘기면서
2024.9.3 10:17,걸,되게 많이 넘겨준척 하더라고요?
2024.9.3 10:17,나,공학인의밤때 1100 태운다더만..
2024.9.3 10:17,걸,근데 ㅋㅋㅋㅋㅋㅋㅋㅋㅋㅋㅋㅋㅋㅋㅋㅋ 과잠을 주문안해서 과잠비까지 포함해서 보내준거였음
2024.9.3 10:18,걸,실질적으로 500넘겨줌..ㅋ
2024.9.3 10:18,나,ㅋㅋㅋㅋㅋㅋㅋㅋㅋㅋㅋㅋㅋㅋㅋ
2024.9.3 10:18,나,빚도 넘겨준꼴이네
2024.9.3 10:18,걸,돈 다 넘겨주고는 아근데 과잠비 입금좀
2024.9.3 10:18,걸,이러심..ㅋㅋ..
2024.9.3 10:18,나,과잠비 입금 하고 넘겨주는건 무리였지...
2024.9.3 10:18,걸,사진
2024.9.3 10:19,걸,음..
2024.9.3 10:19,걸,이게 몽미..
2024.9.3 10:19,걸,나는 왜..
2024.9.3 10:19,걸,이모티콘
2024.9.3 10:19,나,지금이야?
2024.9.3 11:08,걸,៖..
2024.9.3 11:08,걸,그이후에
2024.9.3 11:08,걸,과대들까지
2024.9.3 11:08,걸,추가하셨네
2024.9.3 11:09,나,이건 뭐람 ㅋㅋㅋㅋㅋㅋㅋㅋㅋ
2024.9.3 11:09,나,근데 사실 존폐의 위기도 우리과도 남일은 아니었어서
2024.9.3 11:10,나,약간이나마 공감이 좀 간다..;
2024.9.3 11:11,걸,ㅠㅠㅠㅠㅠㅠㅠ
2024.9.3 11:12,나,분위기 깨서 미안한데..
2024.9.3 11:12,나,이거 어케썼어..?
2024.9.3 11:12,나,기호인가..? 유니코드?
2024.9.3 11:12,나,ㅋㅋㅋㅋㅋㅋㅋㅋㅋㅋㅋㅋㅋㅋㅋㅋㅋㅋㅋㅋㅋㅋㅋㅋㅋㅋㅋㅋㅋㅋㅋㅋㅋㅋㅋ
2024.9.3 11:19,걸,ㅋㅋㅋㅋㅋㅋㅋㅋㅋㅋㅋㅋㅋㅋㅋㅋㅋㅋㅋㅋㅋㅋ
2024.9.3 11:20,걸,그냥 인터넷 돌아다닌는거
2024.9.3 11:20,걸,저장해놨쥬
2024.9.3 11:20,나,ㅈㅅ... 궁금한건 도저히 참을 수가 없었다..
2024.9.3 11:21,나,찾아보니 크메르어라네 좀 대단하네
2024.9.3 11:36,걸,ㅋㅋㅋㅋㅋㅋㅋㅋㅋㅋㅋㅋㅋㅋㅋㅋㅋㅋㅋ 
2024.9.3 11:36,걸,진짜 리서치 왕이네
2024.9.3 11:36,걸,사진부터 해서..
2024.9.3 11:37,나,좀 집요했나;;
2024.9.3 11:38,나,오늘밤에 줌 미팅 하니?
2024.9.3 11:38,걸,난 엠티조랑 술먹을건디
2024.9.3 11:38,걸,이모티콘
2024.9.3 11:38,걸,우리 오늘 먹기루 해서
2024.9.3 11:38,걸,이미 정한것이라..
2024.9.3 11:39,나,그 오늘 우리 개총때
2024.9.3 11:39,나,산디랑 같이라고
2024.9.3 11:39,나,우리조도 쪼인하기로함
2024.9.3 11:40,걸,잉 ?
2024.9.3 11:40,걸,몬말이대
2024.9.3 11:40,걸,산디 + 스마트 개총 하고
2024.9.3 11:41,걸,오빠 엠티조도 오늘 먹는다고 ?
2024.9.3 11:41,나,응
2024.9.3 11:41,걸,오
2024.9.3 11:41,나,아까 수민이가 단톡 파길래
2024.9.3 11:41,걸,우리조랑 조인해두 되겠당
2024.9.3 11:41,나,총집합하라했어
2024.9.3 11:41,걸,ㅋㅋㅋㅋㅋㅋㅋㅋㅋㅋㅋㅋㅋㅋㅋㅋㅋㅋㅋ
2024.9.3 11:41,걸,집합 시키네..
2024.9.3 11:41,걸,꼰댄가
2024.9.3 11:42,나,아 아니…
2024.9.3 11:42,나,그게 아니라
2024.9.3 11:42,나,사진
2024.9.3 11:43,나,이게 강압적이냐 ㅠ
2024.9.3 11:43,걸,ㅋㅋㅋㅋㅋㅋㅋㅋㅋㅋㅋㅋㅋㅋㅋㅋㅋㅋㅋㅋㅋㅋㅋㅋㅋㅋㅋㅋㅋㅋ 
2024.9.3 11:43,걸,이야 오빠 감초역할 잘하네
2024.9.3 11:43,걸,까비
2024.9.3 11:43,걸,우리조엿어여하는데
2024.9.3 11:44,걸,암튼 우리는 2교시 끝나고
2024.9.3 11:44,걸,먹 죽 할 예정
2024.9.3 11:44,나,먹죽하고
2024.9.3 11:44,나,또 기억상실하게?
2024.9.3 11:44,걸,어제는 먹죽은 아니였지..
2024.9.3 11:44,걸,근데 사실 막차 놓쳐서
2024.9.3 11:45,걸,친구집에서 잣어
2024.9.3 11:45,걸,ㅋㅋㅋㅋㅋㅋㅋㅋㅋㅋㅋㅋㅋㅋㅋㅋㅋㅋㅋㅋㅋㅋㅋㅋㅋㅋㅋㅋㅋㅋㅋㅋㅋㅋㅋㅋ ㅋㅋㅋㅋㅋㅋㅋㅋㅋㅋㅋㅋㅋㅋㅋㅋㅋㅋㅋㅋㅋㅋㅋㅋㅋㅋㅋ 
2024.9.3 11:45,걸,헤헷 청춘이라 해줘
2024.9.3 11:47,나,ㅋㅌㅌㅌㅋㅋㅌㅌㅌㅋㅋㅋㅋㅋ
2024.9.3 11:47,나,개웃겨
2024.9.3 11:47,나,잘했어
2024.9.3 11:47,나,그래도 돼
2024.9.3 11:48,걸,ㅋㅋㅋㅋㅋㅋㅋㅋㅋㅋㅋㅋㅋㅋㅋㅋㅋㅋㅋㅋㅋㅋㅋㅋㅋㅋㅋㅋㅋㅋㅋㅋㅋ
2024.9.3 11:48,걸,오늘은 진짜 안놓친다..
2024.9.3 11:50,나,오늘도 놓쳐
2024.9.3 11:50,나,먹죽해
2024.9.3 11:50,나,친구집가
2024.9.3 11:51,걸,ㅋㅋㅋㅋㅋㅋㅋㅋㅋㅋㅋㅋㅋㅋㅋㅋㅋㅋㅋㅋㅋㅋㅋ 
2024.9.3 11:51,걸,우선 우리 마시는곳 계속 공유는 하께유
2024.9.3 11:52,나,어제 그래놓고 배탈나서 택시타고 튐
2024.9.3 11:52,걸,오빠??
2024.9.3 11:53,나,어제 막걸리랑 소맥
2024.9.3 11:53,나,같이 먹고
2024.9.3 11:53,나,사실 어질어질했음;;
2024.9.3 11:54,나,너가 소맥으로 탔잖아 ㅡㅡ
2024.9.3 12:08,걸,미아뉴..
2024.9.3 12:08,걸,취해서 ..ㅠㅠ
2024.9.3 12:08,걸,이모티콘
2024.9.3 12:09,나,너 술취하면 박력터지는구나;
2024.9.3 12:09,나,무섭네
2024.9.3 12:09,걸,박력보다는..
2024.9.3 12:09,걸,조절이 안되는거죠..
2024.9.3 12:10,걸,ㅋㅋㅋㅋㅋㅋㅋㅋㅋㅋㅋㅋㅋㅋㅋㅋㅋㅋㅋㅋ ㅠ
2024.9.3 12:10,걸,명함같은 경우도 이미 사진 보냈는데 또주는거보니까
2024.9.3 12:10,걸,머릿속에서 이미 사진 보냇어가 안떠오르고
2024.9.3 12:10,걸,머야 명함이네
2024.9.3 12:10,나,커버쳐주고 있잖아;;
2024.9.3 12:10,걸,현우오빠 줘.
2024.9.3 12:10,나,쉿
2024.9.3 12:10,걸,이런식으로 뇌가 1차원적으로 굴..
2024.9.3 12:10,걸,오케이
2024.9.3 12:11,나,ㅋㅋㅋㅋㅋ조잘조잘 변명대네 박력왕
2024.9.3 12:13,걸,이모티콘
2024.9.3 12:30,나,점심먹어 불량청소년아
2024.9.3 12:33,걸,오빠도~~
2024.9.3 13:13,나,지금 꾸벅꾸벅 졸고 있어
2024.9.3 15:04,걸,ㅋㅋㅋㅋㅋㅋㅋㅋㅋㅋㅋㅋㅋㅋㅋㅋㅋ 아놔
2024.9.3 15:04,걸,뒷끝이 좀 마니 심하시네 ㅎㅎ
2024.9.3 15:09,나,최대한 괴롭힐때 뽕 뽑는거지
2024.9.3 15:10,나,건사환도 개총 우리하는데에서 한다는데..?
2024.9.3 15:11,걸,오늘 ??
2024.9.3 15:11,나,엉
2024.9.3 15:12,나,오늘 후퉁대통합의 날인가본데
2024.9.3 15:12,걸,엥 ?
2024.9.3 15:12,걸,뭐지
2024.9.3 15:12,걸,내일이자나여;;
2024.9.3 15:12,나,오늘 아닌가..?
2024.9.3 15:12,나,사진
2024.9.3 15:12,나,얜 또 왜이래?
2024.9.3 15:12,나,너네과 지금 뭔가 각성상태야?
2024.9.3 15:14,걸,??
2024.9.3 15:14,걸,선넘노
2024.9.3 15:15,나,오늘 다들 마시고 죽어~~
2024.9.3 15:15,나,나랑 20잔 내기한거 알지?
2024.9.3 15:22,걸,ㅋㅋㅋㅋㅋㅋㅋㅋㅋㅋㅋㅋㅋㅋㅋㅋㅋㅋ 오늘이야?
2024.9.3 15:22,걸,진행시켜
2024.9.3 15:27,나,24/09/03 걸과 나의 포켓몬 소주 배틀
2024.9.3 15:27,나,ㅁㅊ 가슴이 웅장해진다
2024.9.3 20:47,걸,하ㅜ
2024.9.3 20:47,걸,오빠..
2024.9.3 20:47,걸,나 지금 미디어 수업 그냥 밀고 들어가야되나
2024.9.3 20:47,걸,"싶네,"
2024.9.3 20:47,걸,..
2024.9.3 20:47,걸,화요일 2교시 수업 에바임 ㅠ
2024.9.3 20:47,걸,개어려워..
2024.9.3 20:47,걸,지금 당장 교수님 찾아갈까
2024.9.3 20:47,걸,미디어대학원으로
2024.9.3 20:53,나,ㅋㅋㅋㅋㅋㅋㅋ 이거뭔데
2024.9.3 20:53,나,나 지금 노동대학원 듣고 있어
2024.9.3 20:53,나,여기 빡센거같다…
2024.9.3 20:53,나,가…같이 들어주겠니….?
2024.9.3 20:55,걸,무슨 쉅인데?
2024.9.3 20:56,나,조직사회학
2024.9.3 20:56,나,교수님이 아주 팬시하긴 한데….
2024.9.3 20:56,걸,헐 그거 재밌어보였는데
2024.9.3 20:57,걸,빡세??
2024.9.3 20:57,나,자신없다… 나혼자 공학대학원..
2024.9.3 20:57,걸,ㅋㅋㅋㅋㅋㅋㅋㅋㅋㅋㅋㅋㅋㅋㅋㅋ
2024.9.3 20:57,걸,하ㅠ
2024.9.3 20:57,나,끝나고 상담해볼라고….
2024.9.3 20:57,걸,나도 내 전공수업인데
2024.9.3 20:57,걸,자신없다..
2024.9.3 20:57,나,이거 상담후에  아니라고 하면 미디어로 튄다
2024.9.3 20:57,걸,웅웅..안될거같으면 빠꾸해ㅠ
2024.9.3 20:57,걸,오빠 그러면 우리 그냥 미디어 쳐들어가기?
2024.9.3 20:57,나,다 노동대학원…
2024.9.3 20:57,나,나 사실 그냥 수강신청하면됨 ㅎ
2024.9.3 20:57,걸,화욜 2교시 쉅 받아달라고 오늘 찾아가볼까
2024.9.3 20:57,걸,헐 ㅠ
2024.9.3 20:58,걸,부럽다..
2024.9.3 20:58,나,미리컨택메일넣어서
2024.9.3 20:58,걸,학교에서 오케이 받아가지고?
2024.9.3 20:58,걸,난 보내지도 않았는데ㅠ
2024.9.3 20:58,나,지금 미디어관 가는것도
2024.9.3 20:58,나,괜찮을걸
2024.9.3 20:58,걸,중간에 나갈까ㅠ
2024.9.3 20:58,나,가서 말씀드리고 이메일 드리고
2024.9.3 20:58,걸,쉅 도중에 나가?
2024.9.3 20:58,나,어차피 오티라 출첵안함
2024.9.3 20:58,걸,나 맨앞인데?
2024.9.3 20:58,걸,ㅋㅋㅋㅋㅋㅋㅋㅋㅋㅋㅋㅋㅋㅋㅋㅋㅋㅋㅋㅋㅋㅋㅋ
2024.9.3 20:58,걸,아 ㅜ
2024.9.3 20:58,걸,우리 햇음 ㅠ
2024.9.3 20:58,나,"해도 게속 드,을거면"
2024.9.3 20:58,나,아니 안 들을거면 째야지
2024.9.3 20:59,걸,하ㅠ
2024.9.3 20:59,걸,왜 맨앞에 앉아가지고
2024.9.3 20:59,걸,ㅠㅜㅠㅜㅠㅜㅠㅜㅠㅜ
2024.9.3 20:59,걸,미디어대학원 멀어서
2024.9.3 20:59,걸,지금 가야되는데
2024.9.3 20:59,나,진심 나 오다가 쓰러질번
2024.9.3 20:59,나,창의관에서 하
2024.9.3 20:59,걸,ㅋㅋㅋㅋㅋㅋㅋㅋㅋㅋㅋㅋㅋㅋㅋ
2024.9.3 20:59,걸,창의관에서 출발했어?
2024.9.3 20:59,나,땀 개났네
2024.9.3 20:59,걸,ㅋㅋㅋㅋㅋㅋㅋㅋㅋㅋㅋㅋㅋ ㅠㅠ
2024.9.3 20:59,걸,아휴..
2024.9.3 20:59,나,진자 얼른 쳐들어가기 ㅊㅊ함
2024.9.3 20:59,나,목욜부터여서….
2024.9.3 21:00,걸,아놔ㅠㅠ
2024.9.3 21:01,나,무슨과목이야
2024.9.3 21:01,나,이동통신인가
2024.9.3 21:01,걸,이동통신공학
2024.9.3 21:01,걸,웅..
2024.9.3 21:01,걸,shit
2024.9.3 21:01,나,나 그거 할라다가
2024.9.3 21:01,나,빤스런침
2024.9.3 21:01,걸,ㅋㅋㅋㅋㅋㅋㅋㅋㅋㅋㅋㅋㅋㅋㅋㅋㅋㅋㅋㅋㅋ
2024.9.3 21:01,걸,오빠가 여기로 와라
2024.9.3 21:01,나,이동통신공학은 그냥 내 휴대폰으로 만족할게
2024.9.3 21:01,걸,함께라면
2024.9.3 21:01,걸,이겨낼수 있지 않을까
2024.9.3 21:01,나,너가 날 짓밟지 않을까
2024.9.3 21:01,걸,이모티콘
2024.9.3 21:01,걸,반대일수도 ㅎㅎ
2024.9.3 21:02,나,여긴 팀과제가
2024.9.3 21:02,나,갈림길인가본데
2024.9.3 21:02,나,첨엔 긴장했는디… 좀 괜찮을지도…?
2024.9.3 21:02,걸,아?
2024.9.3 21:02,걸,팀플??
2024.9.3 21:02,걸,오빠 혹시 수업자료 임ㅅ어?
2024.9.3 21:02,걸,있어?
2024.9.3 21:02,걸,미디어 못뚫으면
2024.9.3 21:02,걸,노동대학원이라도 두드려보게
2024.9.3 21:03,나,수업자료는 없구
2024.9.3 21:04,나,강의계획서….?
2024.9.3 21:04,나,파일: UHR506%2800%29.pdf
2024.9.3 21:04,걸,그건 봣엇는데
2024.9.3 21:04,나,나 아직 수신 안되서
2024.9.3 21:04,나,볼 수가 없어…..
2024.9.3 21:04,나,자료 매주마다 블보에 주신데
2024.9.3 21:04,걸,아아아
2024.9.3 21:05,나,담주엔 팀 정한다네 정해오라네
2024.9.3 21:05,걸,달라할사람도 없겠네..
2024.9.3 21:05,걸,ㅋㅋㅋㅋㅋㅋㅋㅋㅋㅋㅋㅋㅋㅋㅋㅋㅋㅋㅋㅋㅋㅋㅋㅋㅋㅋㅋㅋ
2024.9.3 21:05,나,ㅋㅋㅋㅋㅋㅋ 돌겠다
2024.9.3 21:05,걸,팀정해오라고?
2024.9.3 21:05,걸,아개웃겨
2024.9.3 21:05,걸,오빠 껴주떼용 해야되겟네
2024.9.3 21:05,나,끝나고 토킹해야돼
2024.9.3 21:05,걸,ㅋㅋㅋㅋㅋㅋㅋㅋㅋㅋㅋㅋㅋㅋㅋㅋㅋㅋㅋㅋㅋㅋㅋㅋㅋㅋㅋㅋㅋㅋ
2024.9.3 21:05,걸,아근데 재미는 있겠다 진짜
2024.9.3 21:05,나,"ㅋㅋㅋㅋㅋㅋㅋ 어이없다,,….."
2024.9.3 21:05,나,재미는 확실히 있어보여
2024.9.3 21:05,걸,아 그니까ㅠ
2024.9.3 21:05,나,팀플이 메인이래서
2024.9.3 21:05,걸,헐 조음
2024.9.3 21:05,나,난관봉착
2024.9.3 21:05,걸,난 팀플 조아해
2024.9.3 21:06,나,성의보이면 에이쁠 난사래
2024.9.3 21:06,걸,ㅋㅋㅋㅋㅋㅋㅋㅋㅋ아씨
2024.9.3 21:06,걸,여기는 출석만 하면 에이래
2024.9.3 21:06,걸,그래서 고민댐
2024.9.3 21:06,나,미친
2024.9.3 21:06,걸,존버해?
2024.9.3 21:06,나,애들 질려서 나갈까봐
2024.9.3 21:06,나,이동통신공학인건가
2024.9.3 21:06,걸,ㅋㅋㅋㅋㅋㅋㅋㅋㅋㅋㅋㅋㅋㅋㅋㅋㅋㅋㅋㅋㅋㅋㅋㅋㅋㅋㅋㅋㅋ
2024.9.3 21:06,걸,머랰ㅋㅋㅋㅋ
2024.9.3 21:07,나,실라버스 다시 봐야겠다
2024.9.3 21:07,나,영상엔터트깡 이거 개꿀인데…
2024.9.3 21:07,나,넷플릭스
2024.9.3 21:07,나,넷플 ㅈㄴ 보면 되는걸텐데
2024.9.3 21:08,걸,ㅋㅋㅋㅋㅋㅋㅋㅋㅋㅋㅋㅋㅋㅋㅋㅋㅋㅋㅋㅋ
2024.9.3 21:08,걸,개웃겨
2024.9.3 21:08,걸,아 나도 가고싶다고
2024.9.3 21:08,나,교수님 아주 엘레강스하심
2024.9.3 21:08,걸,ㅋㅋㅋㅋㅋㅋㅋㅋㅋㅋㅋㅋㅋㅋㅋㅋㅋㅋㅋㅋㅋㅋㅋㅋㅋㅋㅋㅋㅋㅋㅋㅋㅋㅋㅋㅋㅋ
2024.9.3 21:08,나,솔직히 좀 귀여우시네
2024.9.3 21:09,걸,아진짜?
2024.9.3 21:09,걸,하ㅜ나 귀여운거 못참는디
2024.9.3 21:09,나,여자분인데 말재간이 기가 막히시네
2024.9.3 21:09,걸,근데 오빠 개총 언제 시작이야
2024.9.3 21:09,걸,ㅋㅋㅋㅋㅋ나이잇으신 여자분 맞지
2024.9.3 21:09,나,"지금,,,,,"
2024.9.3 21:09,걸,아..
2024.9.3 21:09,걸,ㅋㅋㅋㅋㅋㅋㅋㅋㅋ
2024.9.3 21:09,나,"마즘,,.,.,"
2024.9.3 21:09,걸,ㅋㅋㅋㅋㅋㅋㅋㅋㅋㅋㅋㅋㅋㅋㅋㅋ
2024.9.3 21:09,걸,하ㅠ
2024.9.3 21:09,걸,줠라 듣기 싫은데
2024.9.3 21:09,걸,에이 확정이라서
2024.9.3 21:09,걸,포기하기도 쉽지 않다
2024.9.3 21:10,나,출석과 난이도
2024.9.3 21:10,나,출석 vs 난이도
2024.9.3 21:11,걸,ㅠㅜㅠㅜㅠㅠㅜㅠㅜㅠㅜㅠㅜ
2024.9.3 21:11,걸,오빠야 이미 컨택했으니까 절차가 짧을텐데
2024.9.3 21:11,걸,나는 공대원 행정실도 컨택해야해서
2024.9.3 21:11,걸,힘들겠지../?
2024.9.3 21:11,나,요건 이멜 보내고 전화하면 바로 해줘
2024.9.3 21:12,나,작년부터 치열하게 학점교류수강해봐서 잘알지
2024.9.3 21:12,걸,그럼 내일 해보긴 해야겠다
2024.9.3 21:12,나,ㄴㄴ 전학기*
2024.9.3 21:12,걸,이모티콘
2024.9.3 21:12,나,일단 가능한거 컨택 이멜 쏘고 뭐고 다 해야대
2024.9.3 21:12,나,나 지금 컨택 두개 된게 지금 이시간 수업 두개
2024.9.3 21:12,나,양자택일해야돼
2024.9.3 21:14,걸,조직 vs 넷플?
2024.9.3 21:15,나,맞아 고민될만하지
2024.9.3 21:15,걸,៖..ㅋㅋㅋㅋㅋㅋㅋ
2024.9.3 21:15,나,조직은 과목이 알찬데 빡세보이고 왕따고
2024.9.3 21:15,걸,근데 조직사회학으로 왜갓어
2024.9.3 21:15,걸,아 웅
2024.9.3 21:15,걸,에이 팀플하면서 친구생기겟지
2024.9.3 21:15,나,개웃긴게 신수연이 하재서
2024.9.3 21:15,나,넣었는데 걔는 튐
2024.9.3 21:16,나,진짜 디질라고
2024.9.3 21:16,걸,ㅋㅋㅋㅋㅋㅋㅋㅋㅋㅋㅋㅋㅋㅋㅋㅋㅋㅋㅋㅋㅋㅋㅋㅋㅋㅋㅋㅋㅋㅋㅋㅋㅋㅋㅋㅋㅋㅋㅋㅋㅋ
2024.9.3 21:16,걸,ㅋㅋㅋㅋㅋㅋ언니 왜 튀셧어
2024.9.3 21:16,나,더 짱나는건 지는 술처마시겠다고
2024.9.3 21:16,나,나 옵저버 정찰보냄
2024.9.3 21:17,걸,ㅋㅋㅋㅋㅋㅋㅋㅋㅋㅋㅋㅋㅋㅋㅋㅋㅋㅋㅋㅋㅋ
2024.9.3 21:17,걸,아 웃겨ㅠ
2024.9.3 21:17,걸,근데 언니는 과대잖아
2024.9.3 21:17,걸,그정돈 해줘야지
2024.9.3 21:17,나,과대가 뭐 대수냐
2024.9.3 21:17,걸,스마트 개총이라는 행사가 있는데
2024.9.3 21:17,걸,책임자로서 얼마나 책임감있어
2024.9.3 21:17,걸,본인의 수업까지 포기해가며
2024.9.3 21:17,나,걔 없어도 시작됐어 이미
2024.9.3 21:17,걸,오빠 그러면 혼자 아니구먼
2024.9.3 21:17,걸,ㅋㅋㅋㅋㅋㅋㅋㅋㅋㅋㅋㅋㅋㅋㅋㅋㅋㅋㅋㅋㅋㅋ
2024.9.3 21:17,나,걘 컨택메일도 안 보낶오
2024.9.3 21:17,걸,아하 ㅎㅎ
2024.9.3 21:18,걸,아?
2024.9.3 21:18,나,짱나넹
2024.9.3 21:18,걸,ㅋㅋㅋㅋㅋㅋㅋㅋㅋㅋㅋㅋㅋㅋㅋㅋㅋㅋㅋㅋㅋ
2024.9.3 21:18,걸,근데 왜 듣자하신거야ㅠㅠㅋㅋㅋㅋㅋㅋ
2024.9.3 21:18,나,진짜 무슨 정찰병 보냄 나보고 소감 들려달래
2024.9.3 21:18,나,짱나네
2024.9.3 21:19,걸,ㅋㅋㅋㅋㅋㅋㅋㅋㅋㅋㅋㅋㅋㅋㅋㅋㅋㅋㅋ
2024.9.3 21:19,걸,그래도 오빠 착해서 소감 들려주고 있겠지..?
2024.9.3 21:19,걸,진짜 오빠같은 동기 나도 있었으면
2024.9.3 21:20,나,안 들려줄거야 
2024.9.3 21:20,나,너 절친 걔 있자나 꽤나 꼼꼼한거 같던데
2024.9.3 21:20,걸,?
2024.9.3 21:20,걸,누구?
2024.9.3 21:20,나,그 누구냐 남자애
2024.9.3 21:21,걸,ㅋㅋㅋㅋㅋㅋㅋㅋㅋㅋㅋㅋㅋ
2024.9.3 21:21,나,"	그…"
2024.9.3 21:21,걸,여기 4명빼고 다 남잔데요
2024.9.3 21:21,나,이름을 모르겟네
2024.9.3 21:28,나,약간 설명을 듣다보니 자신감 점수 5점 오름
2024.9.4 0:52,걸,ㅋㅋㅋㅋㅋㅋㅋㅋㅋㅋㅋㅋㅋㅋㅋㅋㅋㅋㅋㅋㅋㅋ
2024.9.4 0:53,걸,내관점에서 꼼꼼한 애가 없고 절친인 남자애는 내기준으로 없어서 나도 모르겠다 ㅎ
2024.9.4 0:53,걸,그래서 조직사회학 듣기루?
2024.9.4 0:53,걸,후..근데 오빠 배틀뜨자면서 어디감 ??
2024.9.4 0:59,나,아니 너가 없엇엉..
2024.9.4 1:00,걸,모래..
2024.9.4 1:00,걸,수민이네랑 같이 늘안암에 있었구만
2024.9.4 1:00,걸,수민이네 있어서 오빠 오는줄알고
2024.9.4 1:00,걸,계속 기다렸네..
2024.9.4 1:05,나,어?
2024.9.4 1:05,나,난 기별없길애 간주ㅜㄹ
2024.9.4 1:05,나,나 22시에 끝났거든
2024.9.4 1:08,나,교수님이랑 30분 면담함
2024.9.4 1:10,걸,헐
2024.9.4 1:10,걸,모라셧어요??
2024.9.4 1:14,나,일단 매우 환영해주시구
2024.9.4 1:14,나,사람이 엄청 많구 
2024.9.4 1:14,나,교수님 유쾌하시구 엘레강스하시구
2024.9.4 1:14,나,난 꼭 듣겠다 말하고 나엄..
2024.9.4 4:37,걸,헐ㅠㅠㅠㅠㅠㅠㅠㅠㅠㅠ
2024.9.4 4:37,걸,아씨ㅜ나도 데려가..
2024.9.4 4:38,걸,수연언니두 간대요?
2024.9.4 8:15,나,몰라.. 걍 듣지말라고 할라고 짱나서
2024.9.4 8:15,나,04:30 이슈 뭐지
2024.9.4 8:28,걸,ㅋㅋㅋㅋㅋㅋㅋㅋㅋㅋㅋㅋㅋㅋㅋㅋㅋㅋㅋ
2024.9.4 8:28,걸,집 도착한 시간..
2024.9.4 8:28,걸,이모티콘
2024.9.4 8:29,나,또 불량학생 이슈인줄 알았네
2024.9.4 8:54,걸,ㅋㅋㅋㅋㅋㅋㅋㅋㅋㅋㅋㅋㅋㅋㅋㅋㅋㅋㅋㅋㅋㅋ 
2024.9.4 8:54,걸,자꾸 나 불량학생 만드네
2024.9.4 8:56,나,어제 개총 괜히 간거 같아 차라리
2024.9.4 8:56,나,조모임을 갈걸 ㄹㅇ..
2024.9.4 8:56,나,늦게 가서 인사하고 밥 한공기 뚝딱하고 걍 ㅂㅂㅇ함
2024.9.4 9:13,걸,그니까 어제 우리 잼섯는데
2024.9.4 9:14,걸,끝나구라도 오징..
2024.9.4 9:16,나,하.. 다시 대학원 생활 만족도 우하향중이야
2024.9.4 9:16,나,사진
2024.9.4 9:16,나,근데 몇시까정 하는지 몰랐음..;
2024.9.4 9:25,걸,ㅋㅋㅋㅋㅋㅋㅋㅋㅋㅋㅋㅋㅋㅋㅋㅋ
2024.9.4 9:25,걸,오빠가 작성한거에요?
2024.9.4 9:25,걸,연락을 해야져..
2024.9.4 9:27,나,학교 심리상담센터 ㅎㅎㅎ
2024.9.4 9:27,나,잘 노는디 방해하는거 같아서..
2024.9.4 10:01,걸,에에엥?????
2024.9.4 10:01,걸,몬소리대..
2024.9.4 10:01,걸,나 계속 현우오빠 언제오냐고 무러봣는디
2024.9.4 10:01,걸,이모티콘
2024.9.4 10:04,나,;;; 왜 나만 몰랐어??
2024.9.4 10:04,나,나 어제 그랬으면 2차 형님들이랑 안 가고
2024.9.4 10:04,나,거기 놀러갔는뒤...
2024.9.4 10:04,걸,근데 어제만 날이 아니니까
2024.9.4 10:05,걸,이제 매주 모여야지;;;
2024.9.4 10:06,나,ㅎㅋ.....
2024.9.4 10:06,나,혹시 노동대학원 들을래?
2024.9.4 10:06,나,ㅎ..........................
2024.9.4 10:06,나,ㅎ.............
2024.9.4 11:16,걸,그 쉅 인생에 도움돨거가퉆
2024.9.4 11:16,걸,??
2024.9.4 11:16,걸,아 고민되네
2024.9.4 11:18,나,나 학사 경영학 전공인데
2024.9.4 11:18,나,노동대학원은 경영 통으로 봤을때 조직 인사 이쪽이고...
2024.9.4 11:19,나,"공학대학원에서 우리과 배우는건 품질, 생산, 경영과학, 통계 이런 느낌이고.."
2024.9.4 14:45,나,방금 드라이브 뒤지다가
2024.9.4 14:45,나,저번에 말한 논문 양식 찾음
2024.9.4 14:45,나,사진
2024.9.4 14:46,나,파일: 논문.zip
2024.9.4 20:11,걸,오오
2024.9.4 20:11,걸,오빠 탱큐!!!!
2024.9.4 20:12,걸,이모티콘
2024.9.4 20:42,나,닮은 임티를 적절하게 잘 쓰는구나
2024.9.4 21:37,걸,ㅋㅋㅋㅋㅋㅋㅋㅋㅋㅋㅋㅋㅋㅋㅋ 귀엽단 뜻이군
2024.9.4 21:37,걸,고마어
2024.9.4 21:44,나,뭐지 이 무한 럭키비키 마인드
2024.9.4 21:44,나,고주망태 불량학생 스탠스 어디갔냐구
2024.9.4 22:22,걸,ㅋㅋㅋㅋㅋㅋㅋㅋㅋㅋㅋㅋㅋㅋㅋㅋㅋㅋ 
2024.9.4 22:22,걸,나 원래 이건데
2024.9.4 22:22,걸,오빠가 프레임씌웟자나욧 ㅎ
2024.9.4 22:42,나,어? 아니 그건..
2024.9.4 22:42,나,나 궁금한게 있는데
2024.9.4 22:42,나,너희 임원진들 대환이형이랑 그래서 이야기해서 풀었어?